fecha,anio,mes,comunidad_autonoma,temperatura_media_c,anomalia_termica_c,precipitacion_mm,indice_spei_sequia,dias_ola_calor
1961-01-01,1961,1,Canarias,17.4,-0.35,16.9,-0.12,0
1961-02-01,1961,2,Canarias,18.7,1.15,15.5,-1.05,0
1961-03-01,1961,3,Canarias,19.3,1.44,6.6,-1.28,0
1961-04-01,1961,4,Canarias,19.9,1.74,8.6,-1.24,0
1961-05-01,1961,5,Canarias,20.8,1.64,7.4,-1.01,0
1961-06-01,1961,6,Canarias,21.2,0.44,15.3,-0.04,0
1961-07-01,1961,7,Canarias,23.6,1.09,9.7,-0.55,0
1961-08-01,1961,8,Canarias,24.3,1.07,5.7,-0.65,0
1961-09-01,1961,9,Canarias,23.2,-0.01,63.5,1.27,0
1961-10-01,1961,10,Canarias,22.0,-0.11,41.9,0.45,0
1961-11-01,1961,11,Canarias,20.2,-0.17,28.6,-0.03,0
1961-12-01,1961,12,Canarias,20.0,1.5,52.5,-0.51,0
1962-01-01,1962,1,Canarias,17.9,0.23,30.2,-0.13,0
1962-02-01,1962,2,Canarias,17.2,-0.33,25.0,0.07,0
1962-03-01,1962,3,Canarias,18.6,0.8,7.6,-0.87,0
1962-04-01,1962,4,Canarias,18.6,0.46,13.5,-0.35,0
1962-05-01,1962,5,Canarias,19.8,0.62,8.1,-0.38,0
1962-06-01,1962,6,Canarias,21.0,0.2,3.2,-0.2,0
1962-07-01,1962,7,Canarias,22.8,0.29,4.1,-0.21,0
1962-08-01,1962,8,Canarias,24.3,1.01,6.6,-0.6,0
1962-09-01,1962,9,Canarias,23.5,0.27,11.2,-0.21,0
1962-10-01,1962,10,Canarias,22.1,-0.01,58.1,0.8,0
1962-11-01,1962,11,Canarias,19.6,-0.74,33.5,0.43,0
1962-12-01,1962,12,Canarias,19.1,0.55,122.7,1.82,0
1963-01-01,1963,1,Canarias,18.1,0.43,67.3,0.68,0
1963-02-01,1963,2,Canarias,17.7,0.11,23.5,-0.23,0
1963-03-01,1963,3,Canarias,18.3,0.5,9.5,-0.64,0
1963-04-01,1963,4,Canarias,18.7,0.61,10.3,-0.52,0
1963-05-01,1963,5,Canarias,18.7,-0.5,12.4,0.4,0
1963-06-01,1963,6,Canarias,20.7,-0.14,9.0,0.15,0
1963-07-01,1963,7,Canarias,22.5,0.06,0.8,-0.16,0
1963-08-01,1963,8,Canarias,22.7,-0.52,13.7,0.5,0
1963-09-01,1963,9,Canarias,22.3,-0.95,7.5,0.43,0
1963-10-01,1963,10,Canarias,22.4,0.3,5.0,-0.72,0
1963-11-01,1963,11,Canarias,21.0,0.66,16.6,-0.83,0
1963-12-01,1963,12,Canarias,18.4,-0.16,51.3,0.46,0
1964-01-01,1964,1,Canarias,17.7,0.01,67.8,0.94,0
1964-02-01,1964,2,Canarias,18.2,0.61,0.9,-1.09,0
1964-03-01,1964,3,Canarias,18.5,0.68,8.0,-0.79,0
1964-04-01,1964,4,Canarias,17.4,-0.7,9.3,0.24,0
1964-05-01,1964,5,Canarias,20.4,1.21,4.4,-0.82,0
1964-06-01,1964,6,Canarias,21.3,0.46,7.5,-0.25,0
1964-07-01,1964,7,Canarias,22.6,0.13,3.0,-0.14,0
1964-08-01,1964,8,Canarias,23.1,-0.19,2.7,0.03,0
1964-09-01,1964,9,Canarias,23.4,0.22,4.1,-0.36,0
1964-10-01,1964,10,Canarias,22.3,0.2,17.6,-0.34,0
1964-11-01,1964,11,Canarias,21.3,0.96,5.7,-1.28,0
1964-12-01,1964,12,Canarias,17.9,-0.62,59.4,0.94,0
1965-01-01,1965,1,Canarias,16.8,-0.87,54.9,1.15,0
1965-02-01,1965,2,Canarias,17.4,-0.12,45.0,0.45,0
1965-03-01,1965,3,Canarias,18.6,0.74,3.1,-0.95,0
1965-04-01,1965,4,Canarias,18.2,0.06,21.0,0.08,0
1965-05-01,1965,5,Canarias,19.9,0.67,13.2,-0.28,0
1965-06-01,1965,6,Canarias,21.2,0.4,10.8,-0.13,0
1965-07-01,1965,7,Canarias,21.9,-0.55,10.0,0.44,0
1965-08-01,1965,8,Canarias,23.2,-0.05,5.7,0.02,0
1965-09-01,1965,9,Canarias,22.6,-0.67,9.3,0.31,0
1965-10-01,1965,10,Canarias,21.3,-0.73,69.3,1.51,0
1965-11-01,1965,11,Canarias,19.9,-0.38,49.1,0.61,0
1965-12-01,1965,12,Canarias,18.7,0.18,18.2,-0.57,0
1966-01-01,1966,1,Canarias,18.9,1.15,4.1,-1.34,0
1966-02-01,1966,2,Canarias,19.1,1.5,7.0,-1.47,0
1966-03-01,1966,3,Canarias,18.0,0.12,45.8,0.49,0
1966-04-01,1966,4,Canarias,19.6,1.47,4.9,-1.17,0
1966-05-01,1966,5,Canarias,20.0,0.83,9.8,-0.46,0
1966-06-01,1966,6,Canarias,21.2,0.43,19.0,0.06,0
1966-07-01,1966,7,Canarias,21.7,-0.83,11.7,0.65,0
1966-08-01,1966,8,Canarias,23.8,0.5,6.6,-0.29,0
1966-09-01,1966,9,Canarias,23.3,0.09,2.8,-0.31,0
1966-10-01,1966,10,Canarias,22.2,0.13,22.9,-0.17,0
1966-11-01,1966,11,Canarias,19.7,-0.58,51.1,0.78,0
1966-12-01,1966,12,Canarias,18.1,-0.41,40.6,0.34,0
1967-01-01,1967,1,Canarias,18.6,0.93,1.8,-1.26,0
1967-02-01,1967,2,Canarias,17.3,-0.29,36.2,0.33,0
1967-03-01,1967,3,Canarias,18.4,0.56,11.8,-0.62,0
1967-04-01,1967,4,Canarias,17.5,-0.62,10.7,0.23,0
1967-05-01,1967,5,Canarias,19.0,-0.19,48.4,1.12,0
1967-06-01,1967,6,Canarias,20.3,-0.55,4.8,0.29,0
1967-07-01,1967,7,Canarias,22.7,0.18,6.0,-0.1,0
1967-08-01,1967,8,Canarias,23.2,-0.02,3.8,-0.05,0
1967-09-01,1967,9,Canarias,22.9,-0.35,31.8,0.68,0
1967-10-01,1967,10,Canarias,21.7,-0.37,43.4,0.65,0
1967-11-01,1967,11,Canarias,19.2,-1.11,86.4,1.98,0
1967-12-01,1967,12,Canarias,18.0,-0.55,23.9,0.01,0
1968-01-01,1968,1,Canarias,17.2,-0.47,21.2,0.06,0
1968-02-01,1968,2,Canarias,17.2,-0.37,32.2,0.28,0
1968-03-01,1968,3,Canarias,16.4,-1.42,28.6,0.99,0
1968-04-01,1968,4,Canarias,17.6,-0.5,7.3,0.07,0
1968-05-01,1968,5,Canarias,18.8,-0.36,8.9,0.23,0
1968-06-01,1968,6,Canarias,20.6,-0.23,6.1,0.13,0
1968-07-01,1968,7,Canarias,22.4,-0.09,2.7,-0.02,0
1968-08-01,1968,8,Canarias,23.3,-0.01,11.2,0.13,0
1968-09-01,1968,9,Canarias,23.5,0.31,5.4,-0.38,0
1968-10-01,1968,10,Canarias,23.1,1.0,11.6,-0.97,0
1968-11-01,1968,11,Canarias,20.6,0.24,72.2,0.81,0
1968-12-01,1968,12,Canarias,18.5,0.03,45.9,0.21,0
1969-01-01,1969,1,Canarias,19.5,1.79,51.1,-0.54,0
1969-02-01,1969,2,Canarias,19.0,1.44,51.4,-0.33,0
1969-03-01,1969,3,Canarias,18.9,1.11,9.4,-1.01,0
1969-04-01,1969,4,Canarias,17.7,-0.41,17.7,0.28,0
1969-05-01,1969,5,Canarias,19.1,-0.11,9.1,0.09,0
1969-06-01,1969,6,Canarias,20.7,-0.08,4.9,0.01,0
1969-07-01,1969,7,Canarias,23.1,0.63,5.2,-0.39,0
1969-08-01,1969,8,Canarias,23.4,0.12,9.6,0.01,0
1969-09-01,1969,9,Canarias,22.7,-0.51,13.2,0.31,0
1969-10-01,1969,10,Canarias,21.5,-0.55,39.0,0.64,0
1969-11-01,1969,11,Canarias,20.6,0.31,41.3,-0.0,0
1969-12-01,1969,12,Canarias,17.5,-1.04,107.8,2.4,0
1970-01-01,1970,1,Canarias,18.9,1.19,51.0,-0.19,0
1970-02-01,1970,2,Canarias,17.4,-0.15,122.7,2.41,0
1970-03-01,1970,3,Canarias,17.2,-0.67,52.4,1.13,0
1970-04-01,1970,4,Canarias,18.5,0.42,16.1,-0.26,0
1970-05-01,1970,5,Canarias,19.3,0.14,2.9,-0.22,0
1970-06-01,1970,6,Canarias,20.6,-0.19,5.4,0.09,0
1970-07-01,1970,7,Canarias,22.8,0.31,7.0,-0.15,0
1970-08-01,1970,8,Canarias,22.9,-0.35,5.5,0.19,0
1970-09-01,1970,9,Canarias,22.8,-0.37,6.6,0.06,0
1970-10-01,1970,10,Canarias,21.6,-0.43,46.5,0.76,0
1970-11-01,1970,11,Canarias,20.0,-0.33,26.4,0.01,0
1970-12-01,1970,12,Canarias,17.8,-0.71,70.6,1.27,0
1971-01-01,1971,1,Canarias,18.3,0.6,6.2,-0.95,0
1971-02-01,1971,2,Canarias,16.6,-0.92,94.3,2.16,0
1971-03-01,1971,3,Canarias,16.3,-1.57,29.6,1.1,0
1971-04-01,1971,4,Canarias,17.2,-0.9,8.8,0.35,0
1971-05-01,1971,5,Canarias,18.0,-1.16,7.7,0.68,0
1971-06-01,1971,6,Canarias,20.2,-0.61,9.0,0.43,0
1971-07-01,1971,7,Canarias,22.1,-0.4,4.4,0.21,0
1971-08-01,1971,8,Canarias,22.3,-0.95,12.6,0.73,0
1971-09-01,1971,9,Canarias,22.4,-0.85,4.3,0.29,0
1971-10-01,1971,10,Canarias,23.2,1.16,7.3,-1.17,0
1971-11-01,1971,11,Canarias,19.4,-0.89,83.1,1.76,0
1971-12-01,1971,12,Canarias,17.5,-1.06,10.4,-0.02,0
1972-01-01,1972,1,Canarias,16.8,-0.91,41.6,0.84,0
1972-02-01,1972,2,Canarias,16.4,-1.2,34.1,0.82,0
1972-03-01,1972,3,Canarias,16.2,-1.62,12.5,0.7,0
1972-04-01,1972,4,Canarias,17.5,-0.61,29.6,0.7,0
1972-05-01,1972,5,Canarias,18.1,-1.13,7.5,0.66,0
1972-06-01,1972,6,Canarias,19.6,-1.25,7.0,0.76,0
1972-07-01,1972,7,Canarias,21.4,-1.08,7.4,0.69,0
1972-08-01,1972,8,Canarias,22.4,-0.84,9.8,0.59,0
1972-09-01,1972,9,Canarias,22.8,-0.42,12.3,0.23,0
1972-10-01,1972,10,Canarias,22.1,0.02,111.7,2.12,0
1972-11-01,1972,11,Canarias,19.9,-0.43,32.7,0.23,0
1972-12-01,1972,12,Canarias,17.6,-0.89,88.8,1.84,0
1973-01-01,1973,1,Canarias,17.2,-0.54,29.8,0.32,0
1973-02-01,1973,2,Canarias,16.4,-1.15,58.1,1.39,0
1973-03-01,1973,3,Canarias,18.0,0.13,22.4,-0.1,0
1973-04-01,1973,4,Canarias,18.4,0.3,10.9,-0.32,0
1973-05-01,1973,5,Canarias,19.5,0.26,7.0,-0.19,0
1973-06-01,1973,6,Canarias,20.3,-0.51,3.9,0.24,0
1973-07-01,1973,7,Canarias,21.9,-0.54,10.4,0.44,0
1973-08-01,1973,8,Canarias,22.8,-0.44,10.1,0.36,0
1973-09-01,1973,9,Canarias,23.0,-0.26,10.8,0.1,0
1973-10-01,1973,10,Canarias,21.4,-0.66,14.8,0.11,0
1973-11-01,1973,11,Canarias,20.4,0.05,28.5,-0.17,0
1973-12-01,1973,12,Canarias,17.8,-0.75,10.7,-0.2,0
1974-01-01,1974,1,Canarias,17.6,-0.08,10.6,-0.44,0
1974-02-01,1974,2,Canarias,17.1,-0.43,28.1,0.21,0
1974-03-01,1974,3,Canarias,16.6,-1.2,53.9,1.49,0
1974-04-01,1974,4,Canarias,17.0,-1.18,25.2,0.93,0
1974-05-01,1974,5,Canarias,19.0,-0.24,8.5,0.15,0
1974-06-01,1974,6,Canarias,20.7,-0.11,2.2,-0.04,0
1974-07-01,1974,7,Canarias,22.5,0.01,6.8,0.02,0
1974-08-01,1974,8,Canarias,23.0,-0.22,3.3,0.06,0
1974-09-01,1974,9,Canarias,22.3,-0.87,16.2,0.6,0
1974-10-01,1974,10,Canarias,21.3,-0.8,30.7,0.59,0
1974-11-01,1974,11,Canarias,19.2,-1.08,21.0,0.32,0
1974-12-01,1974,12,Canarias,18.2,-0.31,8.4,-0.52,0
1975-01-01,1975,1,Canarias,17.6,-0.11,46.1,0.47,0
1975-02-01,1975,2,Canarias,17.5,-0.04,17.2,-0.29,0
1975-03-01,1975,3,Canarias,17.3,-0.54,11.7,0.04,0
1975-04-01,1975,4,Canarias,17.5,-0.59,15.7,0.34,0
1975-05-01,1975,5,Canarias,18.4,-0.8,2.9,0.34,0
1975-06-01,1975,6,Canarias,20.3,-0.5,6.8,0.31,0
1975-07-01,1975,7,Canarias,23.1,0.63,3.8,-0.42,0
1975-08-01,1975,8,Canarias,23.4,0.15,8.1,-0.04,0
1975-09-01,1975,9,Canarias,22.8,-0.38,10.6,0.17,0
1975-10-01,1975,10,Canarias,21.7,-0.33,6.1,-0.31,0
1975-11-01,1975,11,Canarias,20.0,-0.28,41.1,0.35,0
1975-12-01,1975,12,Canarias,18.2,-0.35,50.7,0.56,0
1976-01-01,1976,1,Canarias,16.8,-0.95,15.1,0.2,0
1976-02-01,1976,2,Canarias,16.8,-0.77,36.9,0.64,0
1976-03-01,1976,3,Canarias,16.6,-1.2,33.0,0.97,0
1976-04-01,1976,4,Canarias,16.9,-1.19,6.4,0.46,0
1976-05-01,1976,5,Canarias,17.7,-1.51,18.2,1.15,0
1976-06-01,1976,6,Canarias,20.5,-0.35,3.0,0.12,0
1976-07-01,1976,7,Canarias,22.8,0.33,1.6,-0.3,0
1976-08-01,1976,8,Canarias,25.3,2.05,0.7,-1.37,0
1976-09-01,1976,9,Canarias,24.3,1.12,18.0,-0.55,0
1976-10-01,1976,10,Canarias,22.2,0.08,24.5,-0.1,0
1976-11-01,1976,11,Canarias,19.9,-0.45,23.7,0.01,0
1976-12-01,1976,12,Canarias,18.2,-0.31,37.8,0.21,0
1977-01-01,1977,1,Canarias,17.4,-0.31,9.8,-0.32,0
1977-02-01,1977,2,Canarias,17.6,0.06,4.5,-0.67,0
1977-03-01,1977,3,Canarias,18.7,0.9,14.4,-0.76,0
1977-04-01,1977,4,Canarias,18.8,0.69,127.1,2.35,0
1977-05-01,1977,5,Canarias,18.7,-0.47,13.9,0.42,0
1977-06-01,1977,6,Canarias,20.4,-0.42,6.3,0.25,0
1977-07-01,1977,7,Canarias,21.4,-1.12,17.2,0.96,0
1977-08-01,1977,8,Canarias,21.9,-1.32,16.5,1.05,0
1977-09-01,1977,9,Canarias,23.0,-0.2,3.7,-0.11,0
1977-10-01,1977,10,Canarias,21.6,-0.49,25.6,0.27,0
1977-11-01,1977,11,Canarias,20.6,0.25,15.7,-0.61,0
1977-12-01,1977,12,Canarias,19.2,0.7,41.8,-0.29,0
1978-01-01,1978,1,Canarias,17.2,-0.54,50.7,0.84,0
1978-02-01,1978,2,Canarias,18.8,1.22,12.9,-1.16,0
1978-03-01,1978,3,Canarias,17.8,-0.05,25.2,0.08,0
1978-04-01,1978,4,Canarias,17.9,-0.19,11.3,-0.01,0
1978-05-01,1978,5,Canarias,18.7,-0.55,4.3,0.23,0
1978-06-01,1978,6,Canarias,19.9,-0.86,10.5,0.62,0
1978-07-01,1978,7,Canarias,22.8,0.28,6.3,-0.15,0
1978-08-01,1978,8,Canarias,22.2,-1.1,8.0,0.71,0
1978-09-01,1978,9,Canarias,24.1,0.89,13.7,-0.52,0
1978-10-01,1978,10,Canarias,22.0,-0.06,32.3,0.18,0
1978-11-01,1978,11,Canarias,20.7,0.43,27.7,-0.41,0
1978-12-01,1978,12,Canarias,19.0,0.47,11.2,-0.92,0
1979-01-01,1979,1,Canarias,17.7,-0.01,136.7,2.68,0
1979-02-01,1979,2,Canarias,18.4,0.82,2.6,-1.18,0
1979-03-01,1979,3,Canarias,17.2,-0.68,48.6,1.04,0
1979-04-01,1979,4,Canarias,18.3,0.14,5.7,-0.35,0
1979-05-01,1979,5,Canarias,19.4,0.15,4.6,-0.18,0
1979-06-01,1979,6,Canarias,20.7,-0.14,2.5,-0.01,0
1979-07-01,1979,7,Canarias,22.2,-0.25,8.6,0.23,0
1979-08-01,1979,8,Canarias,22.5,-0.79,7.2,0.5,0
1979-09-01,1979,9,Canarias,22.7,-0.49,4.5,0.08,0
1979-10-01,1979,10,Canarias,21.6,-0.51,17.3,0.08,0
1979-11-01,1979,11,Canarias,20.3,-0.05,33.2,0.01,0
1979-12-01,1979,12,Canarias,18.8,0.33,15.1,-0.74,0
1980-01-01,1980,1,Canarias,17.4,-0.29,48.5,0.64,0
1980-02-01,1980,2,Canarias,17.5,-0.07,13.8,-0.36,0
1980-03-01,1980,3,Canarias,17.8,-0.05,28.2,0.16,0
1980-04-01,1980,4,Canarias,18.9,0.82,6.5,-0.74,0
1980-05-01,1980,5,Canarias,19.6,0.44,2.5,-0.41,0
1980-06-01,1980,6,Canarias,21.0,0.17,4.1,-0.16,0
1980-07-01,1980,7,Canarias,22.2,-0.27,8.9,0.24,0
1980-08-01,1980,8,Canarias,23.8,0.57,2.9,-0.42,0
1980-09-01,1980,9,Canarias,23.1,-0.1,21.0,0.26,0
1980-10-01,1980,10,Canarias,22.0,-0.06,21.6,-0.08,0
1980-11-01,1980,11,Canarias,20.4,0.08,19.7,-0.4,0
1980-12-01,1980,12,Canarias,18.2,-0.28,28.1,-0.05,0
1981-01-01,1981,1,Canarias,17.3,-0.44,16.2,-0.08,0
1981-02-01,1981,2,Canarias,16.3,-1.26,68.4,1.72,0
1981-03-01,1981,3,Canarias,18.9,1.08,3.2,-1.15,0
1981-04-01,1981,4,Canarias,17.6,-0.49,4.2,-0.01,0
1981-05-01,1981,5,Canarias,19.0,-0.21,3.2,-0.0,0
1981-06-01,1981,6,Canarias,21.3,0.54,0.4,-0.48,0
1981-07-01,1981,7,Canarias,22.1,-0.41,6.2,0.26,0
1981-08-01,1981,8,Canarias,22.6,-0.64,3.7,0.32,0
1981-09-01,1981,9,Canarias,23.0,-0.17,7.4,-0.04,0
1981-10-01,1981,10,Canarias,21.8,-0.31,93.9,1.87,0
1981-11-01,1981,11,Canarias,21.4,1.1,17.6,-1.07,0
1981-12-01,1981,12,Canarias,19.3,0.78,5.0,-1.26,0
1982-01-01,1982,1,Canarias,18.7,0.97,4.7,-1.21,0
1982-02-01,1982,2,Canarias,17.7,0.12,13.8,-0.48,0
1982-03-01,1982,3,Canarias,17.8,-0.04,36.2,0.35,0
1982-04-01,1982,4,Canarias,17.8,-0.28,38.0,0.71,0
1982-05-01,1982,5,Canarias,19.3,0.14,11.5,-0.0,0
1982-06-01,1982,6,Canarias,20.9,0.1,2.0,-0.17,0
1982-07-01,1982,7,Canarias,22.3,-0.18,3.7,0.06,0
1982-08-01,1982,8,Canarias,22.6,-0.66,11.1,0.52,0
1982-09-01,1982,9,Canarias,22.7,-0.52,0.3,-0.01,0
1982-10-01,1982,10,Canarias,21.9,-0.15,8.9,-0.35,0
1982-11-01,1982,11,Canarias,20.5,0.17,15.4,-0.57,0
1982-12-01,1982,12,Canarias,18.0,-0.53,27.3,0.08,0
1983-01-01,1983,1,Canarias,17.6,-0.08,5.9,-0.55,0
1983-02-01,1983,2,Canarias,17.5,-0.11,10.6,-0.42,0
1983-03-01,1983,3,Canarias,18.3,0.45,7.1,-0.67,0
1983-04-01,1983,4,Canarias,18.4,0.29,3.7,-0.49,0
1983-05-01,1983,5,Canarias,18.7,-0.46,0.8,0.09,0
1983-06-01,1983,6,Canarias,21.4,0.64,0.7,-0.53,0
1983-07-01,1983,7,Canarias,22.3,-0.16,2.4,0.02,0
1983-08-01,1983,8,Canarias,22.8,-0.49,9.1,0.37,0
1983-09-01,1983,9,Canarias,23.8,0.62,5.2,-0.57,0
1983-10-01,1983,10,Canarias,23.1,1.05,9.9,-1.04,0
1983-11-01,1983,11,Canarias,21.1,0.78,76.1,0.59,0
1983-12-01,1983,12,Canarias,19.2,0.73,14.6,-0.99,0
1984-01-01,1984,1,Canarias,17.1,-0.63,88.3,1.84,0
1984-02-01,1984,2,Canarias,17.4,-0.21,20.0,-0.12,0
1984-03-01,1984,3,Canarias,17.3,-0.52,21.7,0.27,0
1984-04-01,1984,4,Canarias,18.9,0.82,11.6,-0.61,0
1984-05-01,1984,5,Canarias,18.6,-0.62,1.5,0.2,0
1984-06-01,1984,6,Canarias,20.2,-0.61,5.0,0.33,0
1984-07-01,1984,7,Canarias,22.5,0.03,0.2,-0.15,0
1984-08-01,1984,8,Canarias,22.6,-0.68,7.5,0.44,0
1984-09-01,1984,9,Canarias,22.9,-0.36,25.1,0.52,0
1984-10-01,1984,10,Canarias,22.2,0.12,13.0,-0.41,0
1984-11-01,1984,11,Canarias,20.3,-0.03,19.5,-0.34,0
1984-12-01,1984,12,Canarias,18.3,-0.26,54.5,0.6,0
1985-01-01,1985,1,Canarias,17.3,-0.39,37.7,0.43,0
1985-02-01,1985,2,Canarias,17.5,-0.09,23.5,-0.11,0
1985-03-01,1985,3,Canarias,17.2,-0.59,14.8,0.14,0
1985-04-01,1985,4,Canarias,18.4,0.25,15.1,-0.18,0
1985-05-01,1985,5,Canarias,18.6,-0.62,10.9,0.44,0
1985-06-01,1985,6,Canarias,21.6,0.78,0.8,-0.61,0
1985-07-01,1985,7,Canarias,22.7,0.19,4.8,-0.13,0
1985-08-01,1985,8,Canarias,23.6,0.39,5.4,-0.25,0
1985-09-01,1985,9,Canarias,23.9,0.65,0.3,-0.71,0
1985-10-01,1985,10,Canarias,22.8,0.75,3.1,-1.03,0
1985-11-01,1985,11,Canarias,20.9,0.61,28.9,-0.49,0
1985-12-01,1985,12,Canarias,19.1,0.63,27.9,-0.6,0
1986-01-01,1986,1,Canarias,17.6,-0.08,32.0,0.1,0
1986-02-01,1986,2,Canarias,17.1,-0.49,31.0,0.32,0
1986-03-01,1986,3,Canarias,16.9,-0.95,36.1,0.89,0
1986-04-01,1986,4,Canarias,17.2,-0.9,17.3,0.56,0
1986-05-01,1986,5,Canarias,19.6,0.36,6.8,-0.25,0
1986-06-01,1986,6,Canarias,20.1,-0.71,2.3,0.32,0
1986-07-01,1986,7,Canarias,21.9,-0.58,0.5,0.22,0
1986-08-01,1986,8,Canarias,23.0,-0.25,3.4,0.08,0
1986-09-01,1986,9,Canarias,23.6,0.39,10.3,-0.3,0
1986-10-01,1986,10,Canarias,21.7,-0.41,17.4,0.02,0
1986-11-01,1986,11,Canarias,19.8,-0.48,33.3,0.27,0
1986-12-01,1986,12,Canarias,18.7,0.15,26.8,-0.34,0
1987-01-01,1987,1,Canarias,18.7,0.98,15.7,-0.94,0
1987-02-01,1987,2,Canarias,18.3,0.77,4.9,-1.09,0
1987-03-01,1987,3,Canarias,19.0,1.18,22.0,-0.74,0
1987-04-01,1987,4,Canarias,19.4,1.29,10.7,-0.92,0
1987-05-01,1987,5,Canarias,20.0,0.83,1.3,-0.67,0
1987-06-01,1987,6,Canarias,22.0,1.24,2.5,-0.84,0
1987-07-01,1987,7,Canarias,22.7,0.2,2.0,-0.21,0
1987-08-01,1987,8,Canarias,23.7,0.48,1.1,-0.41,0
1987-09-01,1987,9,Canarias,25.0,1.75,14.1,-1.02,0
1987-10-01,1987,10,Canarias,22.0,-0.1,62.4,0.96,0
1987-11-01,1987,11,Canarias,20.8,0.49,24.5,-0.53,0
1987-12-01,1987,12,Canarias,19.2,0.64,25.8,-0.66,0
1988-01-01,1988,1,Canarias,17.5,-0.16,30.6,0.11,0
1988-02-01,1988,2,Canarias,16.8,-0.79,118.9,2.7,0
1988-03-01,1988,3,Canarias,17.5,-0.29,26.9,0.27,0
1988-04-01,1988,4,Canarias,18.4,0.26,3.6,-0.48,0
1988-05-01,1988,5,Canarias,19.7,0.54,6.5,-0.37,0
1988-06-01,1988,6,Canarias,20.9,0.1,1.4,-0.19,0
1988-07-01,1988,7,Canarias,22.8,0.29,5.6,-0.17,0
1988-08-01,1988,8,Canarias,23.5,0.22,2.8,-0.22,0
1988-09-01,1988,9,Canarias,23.4,0.16,3.0,-0.35,0
1988-10-01,1988,10,Canarias,21.9,-0.14,16.6,-0.16,0
1988-11-01,1988,11,Canarias,20.2,-0.09,60.9,0.73,0
1988-12-01,1988,12,Canarias,18.8,0.29,31.9,-0.29,0
1989-01-01,1989,1,Canarias,17.3,-0.42,8.9,-0.27,0
1989-02-01,1989,2,Canarias,17.1,-0.42,34.9,0.38,0
1989-03-01,1989,3,Canarias,17.9,0.1,16.3,-0.23,0
1989-04-01,1989,4,Canarias,17.6,-0.55,13.2,0.25,0
1989-05-01,1989,5,Canarias,19.7,0.55,2.0,-0.49,0
1989-06-01,1989,6,Canarias,22.1,1.3,0.2,-0.94,0
1989-07-01,1989,7,Canarias,23.7,1.22,0.8,-0.85,0
1989-08-01,1989,8,Canarias,24.5,1.27,1.7,-0.87,0
1989-09-01,1989,9,Canarias,23.6,0.35,12.5,-0.22,0
1989-10-01,1989,10,Canarias,22.8,0.73,14.8,-0.73,0
1989-11-01,1989,11,Canarias,20.3,0.0,60.5,0.66,0
1989-12-01,1989,12,Canarias,19.4,0.9,50.3,-0.2,0
1990-01-01,1990,1,Canarias,17.1,-0.65,21.6,0.18,0
1990-02-01,1990,2,Canarias,19.0,1.41,6.9,-1.42,0
1990-03-01,1990,3,Canarias,19.4,1.61,37.9,-0.6,0
1990-04-01,1990,4,Canarias,17.6,-0.5,20.9,0.41,0
1990-05-01,1990,5,Canarias,19.7,0.55,6.1,-0.39,0
1990-06-01,1990,6,Canarias,21.2,0.42,2.9,-0.34,0
1990-07-01,1990,7,Canarias,23.1,0.59,2.8,-0.42,0
1990-08-01,1990,8,Canarias,24.9,1.69,2.1,-1.12,0
1990-09-01,1990,9,Canarias,23.8,0.6,18.7,-0.22,0
1990-10-01,1990,10,Canarias,22.8,0.68,8.9,-0.85,0
1990-11-01,1990,11,Canarias,21.2,0.93,25.7,-0.76,0
1990-12-01,1990,12,Canarias,18.9,0.35,74.9,0.74,0
1991-01-01,1991,1,Canarias,17.8,0.07,4.1,-0.69,0
1991-02-01,1991,2,Canarias,16.9,-0.66,37.2,0.58,0
1991-03-01,1991,3,Canarias,17.6,-0.22,11.7,-0.16,0
1991-04-01,1991,4,Canarias,17.8,-0.37,6.9,-0.02,0
1991-05-01,1991,5,Canarias,18.7,-0.54,2.5,0.18,0
1991-06-01,1991,6,Canarias,20.6,-0.16,2.1,-0.01,0
1991-07-01,1991,7,Canarias,22.2,-0.26,4.6,0.13,0
1991-08-01,1991,8,Canarias,23.4,0.18,1.2,-0.23,0
1991-09-01,1991,9,Canarias,24.3,1.06,7.8,-0.77,0
1991-10-01,1991,10,Canarias,21.9,-0.16,14.2,-0.21,0
1991-11-01,1991,11,Canarias,20.5,0.2,29.9,-0.22,0
1991-12-01,1991,12,Canarias,19.1,0.61,53.8,0.06,0
1992-01-01,1992,1,Canarias,18.1,0.38,4.9,-0.85,0
1992-02-01,1992,2,Canarias,17.2,-0.32,11.7,-0.26,0
1992-03-01,1992,3,Canarias,17.8,-0.08,4.6,-0.42,0
1992-04-01,1992,4,Canarias,18.5,0.38,3.5,-0.55,0
1992-05-01,1992,5,Canarias,19.6,0.42,1.2,-0.43,0
1992-06-01,1992,6,Canarias,20.6,-0.19,1.4,-0.01,0
1992-07-01,1992,7,Canarias,22.4,-0.04,1.7,-0.07,0
1992-08-01,1992,8,Canarias,23.5,0.25,4.4,-0.19,0
1992-09-01,1992,9,Canarias,23.3,0.12,1.1,-0.37,0
1992-10-01,1992,10,Canarias,22.0,-0.09,35.7,0.29,0
1992-11-01,1992,11,Canarias,20.4,0.06,9.6,-0.64,0
1992-12-01,1992,12,Canarias,18.0,-0.49,31.1,0.15,0
1993-01-01,1993,1,Canarias,17.1,-0.58,3.0,-0.33,0
1993-02-01,1993,2,Canarias,16.9,-0.69,17.5,0.1,0
1993-03-01,1993,3,Canarias,17.5,-0.3,30.4,0.36,0
1993-04-01,1993,4,Canarias,18.1,-0.01,2.3,-0.35,0
1993-05-01,1993,5,Canarias,19.0,-0.17,8.8,0.11,0
1993-06-01,1993,6,Canarias,21.1,0.33,1.6,-0.32,0
1993-07-01,1993,7,Canarias,22.1,-0.35,3.8,0.17,0
1993-08-01,1993,8,Canarias,23.0,-0.26,0.8,0.02,0
1993-09-01,1993,9,Canarias,22.7,-0.55,5.6,0.14,0
1993-10-01,1993,10,Canarias,21.4,-0.72,19.8,0.27,0
1993-11-01,1993,11,Canarias,19.0,-1.29,30.9,0.7,0
1993-12-01,1993,12,Canarias,18.2,-0.31,39.8,0.26,0
1994-01-01,1994,1,Canarias,17.1,-0.56,29.8,0.33,0
1994-02-01,1994,2,Canarias,17.4,-0.2,4.9,-0.51,0
1994-03-01,1994,3,Canarias,17.4,-0.39,25.1,0.28,0
1994-04-01,1994,4,Canarias,18.4,0.27,16.5,-0.16,0
1994-05-01,1994,5,Canarias,19.4,0.19,14.9,0.05,0
1994-06-01,1994,6,Canarias,21.4,0.56,4.9,-0.37,0
1994-07-01,1994,7,Canarias,22.9,0.44,1.4,-0.37,0
1994-08-01,1994,8,Canarias,23.3,0.06,1.8,-0.15,0
1994-09-01,1994,9,Canarias,22.9,-0.34,2.2,-0.07,0
1994-10-01,1994,10,Canarias,22.0,-0.04,23.0,-0.06,0
1994-11-01,1994,11,Canarias,21.4,1.12,3.7,-1.43,0
1994-12-01,1994,12,Canarias,20.1,1.63,8.0,-1.7,0
1995-01-01,1995,1,Canarias,18.2,0.47,9.7,-0.79,0
1995-02-01,1995,2,Canarias,18.3,0.72,20.1,-0.68,0
1995-03-01,1995,3,Canarias,17.8,-0.03,36.5,0.35,0
1995-04-01,1995,4,Canarias,18.5,0.42,3.9,-0.57,0
1995-05-01,1995,5,Canarias,20.6,1.36,1.2,-0.99,0
1995-06-01,1995,6,Canarias,21.8,0.95,0.1,-0.73,0
1995-07-01,1995,7,Canarias,23.7,1.25,2.5,-0.83,0
1995-08-01,1995,8,Canarias,23.9,0.66,1.7,-0.51,0
1995-09-01,1995,9,Canarias,23.3,0.11,5.5,-0.25,0
1995-10-01,1995,10,Canarias,23.0,0.92,10.5,-0.95,0
1995-11-01,1995,11,Canarias,21.5,1.18,30.3,-0.8,0
1995-12-01,1995,12,Canarias,19.6,1.1,29.4,-0.84,0
1996-01-01,1996,1,Canarias,18.4,0.71,32.7,-0.36,0
1996-02-01,1996,2,Canarias,17.1,-0.51,89.5,1.8,0
1996-03-01,1996,3,Canarias,17.7,-0.15,46.2,0.67,0
1996-04-01,1996,4,Canarias,18.6,0.46,11.6,-0.4,0
1996-05-01,1996,5,Canarias,20.1,0.89,6.4,-0.58,0
1996-06-01,1996,6,Canarias,21.4,0.63,13.2,-0.21,0
1996-07-01,1996,7,Canarias,22.5,0.01,18.5,0.32,0
1996-08-01,1996,8,Canarias,23.2,-0.05,9.4,0.11,0
1996-09-01,1996,9,Canarias,23.1,-0.1,20.6,0.25,0
1996-10-01,1996,10,Canarias,22.8,0.7,2.4,-1.02,0
1996-11-01,1996,11,Canarias,20.5,0.2,20.5,-0.46,0
1996-12-01,1996,12,Canarias,19.0,0.48,58.5,0.26,0
1997-01-01,1997,1,Canarias,17.9,0.23,52.8,0.43,0
1997-02-01,1997,2,Canarias,18.9,1.33,5.8,-1.4,0
1997-03-01,1997,3,Canarias,19.0,1.21,8.6,-1.09,0
1997-04-01,1997,4,Canarias,19.3,1.16,46.3,0.05,0
1997-05-01,1997,5,Canarias,20.2,1.04,10.4,-0.57,0
1997-06-01,1997,6,Canarias,21.9,1.1,3.2,-0.74,0
1997-07-01,1997,7,Canarias,22.5,0.04,2.1,-0.11,0
1997-08-01,1997,8,Canarias,23.5,0.26,1.1,-0.28,0
1997-09-01,1997,9,Canarias,23.7,0.52,2.5,-0.58,0
1997-10-01,1997,10,Canarias,22.9,0.87,28.9,-0.46,0
1997-11-01,1997,11,Canarias,22.0,1.67,9.5,-1.61,0
1997-12-01,1997,12,Canarias,20.2,1.64,15.7,-1.51,0
1998-01-01,1998,1,Canarias,18.9,1.19,38.2,-0.51,0
1998-02-01,1998,2,Canarias,20.1,2.53,8.7,-2.05,0
1998-03-01,1998,3,Canarias,19.6,1.79,16.8,-1.23,0
1998-04-01,1998,4,Canarias,18.7,0.6,11.6,-0.48,0
1998-05-01,1998,5,Canarias,19.1,-0.1,0.8,-0.13,0
1998-06-01,1998,6,Canarias,21.5,0.66,9.7,-0.31,0
1998-07-01,1998,7,Canarias,22.4,-0.11,1.4,-0.04,0
1998-08-01,1998,8,Canarias,23.5,0.26,3.6,-0.22,0
1998-09-01,1998,9,Canarias,23.5,0.24,3.8,-0.37,0
1998-10-01,1998,10,Canarias,22.5,0.43,1.0,-0.89,0
1998-11-01,1998,11,Canarias,21.2,0.91,10.9,-1.12,0
1998-12-01,1998,12,Canarias,18.5,0.03,26.1,-0.28,0
1999-01-01,1999,1,Canarias,17.2,-0.47,65.6,1.17,0
1999-02-01,1999,2,Canarias,16.5,-1.06,7.8,0.08,0
1999-03-01,1999,3,Canarias,17.2,-0.68,15.3,0.21,0
1999-04-01,1999,4,Canarias,18.7,0.61,4.9,-0.65,0
1999-05-01,1999,5,Canarias,19.9,0.67,1.0,-0.59,0
1999-06-01,1999,6,Canarias,21.0,0.23,2.3,-0.24,0
1999-07-01,1999,7,Canarias,22.7,0.18,3.7,-0.16,0
1999-08-01,1999,8,Canarias,24.2,0.92,1.6,-0.67,0
1999-09-01,1999,9,Canarias,23.8,0.62,7.7,-0.51,0
1999-10-01,1999,10,Canarias,21.9,-0.13,32.5,0.23,0
1999-11-01,1999,11,Canarias,20.3,-0.05,25.3,-0.19,0
1999-12-01,1999,12,Canarias,18.4,-0.09,25.4,-0.23,0
2000-01-01,2000,1,Canarias,16.9,-0.8,22.4,0.29,0
2000-02-01,2000,2,Canarias,18.3,0.76,10.5,-0.94,0
2000-03-01,2000,3,Canarias,18.7,0.82,1.8,-1.03,0
2000-04-01,2000,4,Canarias,18.1,-0.0,11.6,-0.12,0
2000-05-01,2000,5,Canarias,19.5,0.27,6.6,-0.21,0
2000-06-01,2000,6,Canarias,21.1,0.26,6.9,-0.14,0
2000-07-01,2000,7,Canarias,22.3,-0.21,3.3,0.07,0
2000-08-01,2000,8,Canarias,23.2,-0.01,1.1,-0.12,0
2000-09-01,2000,9,Canarias,23.3,0.06,2.3,-0.3,0
2000-10-01,2000,10,Canarias,21.9,-0.17,11.0,-0.28,0
2000-11-01,2000,11,Canarias,20.1,-0.23,28.2,-0.01,0
2000-12-01,2000,12,Canarias,19.4,0.88,24.9,-0.82,0
2001-01-01,2001,1,Canarias,18.4,0.68,9.0,-0.93,0
2001-02-01,2001,2,Canarias,18.1,0.56,0.1,-1.08,0
2001-03-01,2001,3,Canarias,18.9,1.07,31.6,-0.43,0
2001-04-01,2001,4,Canarias,18.7,0.56,11.7,-0.45,0
2001-05-01,2001,5,Canarias,19.7,0.52,0.1,-0.52,0
2001-06-01,2001,6,Canarias,21.6,0.76,1.5,-0.58,0
2001-07-01,2001,7,Canarias,22.7,0.17,6.2,-0.09,0
2001-08-01,2001,8,Canarias,23.9,0.66,2.9,-0.48,0
2001-09-01,2001,9,Canarias,24.2,0.96,6.7,-0.73,0
2001-10-01,2001,10,Canarias,23.5,1.41,17.5,-1.07,0
2001-11-01,2001,11,Canarias,20.4,0.07,144.5,2.72,0
2001-12-01,2001,12,Canarias,20.0,1.45,59.5,-0.3,0
2002-01-01,2002,1,Canarias,18.9,1.16,28.3,-0.74,0
2002-02-01,2002,2,Canarias,18.6,1.04,8.8,-1.15,0
2002-03-01,2002,3,Canarias,18.0,0.21,37.3,0.23,0
2002-04-01,2002,4,Canarias,18.4,0.29,12.1,-0.28,0
2002-05-01,2002,5,Canarias,19.1,-0.06,10.1,0.08,0
2002-06-01,2002,6,Canarias,20.6,-0.23,5.4,0.11,0
2002-07-01,2002,7,Canarias,21.8,-0.68,8.3,0.48,0
2002-08-01,2002,8,Canarias,22.6,-0.67,9.4,0.48,0
2002-09-01,2002,9,Canarias,23.5,0.26,2.6,-0.42,0
2002-10-01,2002,10,Canarias,23.4,1.36,20.7,-0.96,0
2002-11-01,2002,11,Canarias,21.3,1.02,27.2,-0.78,0
2002-12-01,2002,12,Canarias,19.7,1.21,53.8,-0.3,0
2003-01-01,2003,1,Canarias,18.1,0.42,35.0,-0.13,0
2003-02-01,2003,2,Canarias,17.7,0.16,29.6,-0.1,0
2003-03-01,2003,3,Canarias,18.5,0.62,2.4,-0.89,0
2003-04-01,2003,4,Canarias,18.9,0.81,17.6,-0.46,0
2003-05-01,2003,5,Canarias,20.3,1.14,3.3,-0.81,0
2003-06-01,2003,6,Canarias,21.8,1.05,1.5,-0.75,0
2003-07-01,2003,7,Canarias,23.2,0.69,5.8,-0.41,0
2003-08-01,2003,8,Canarias,24.5,1.22,1.5,-0.85,0
2003-09-01,2003,9,Canarias,24.4,1.14,2.6,-0.94,0
2003-10-01,2003,10,Canarias,22.6,0.51,59.6,0.52,0
2003-11-01,2003,11,Canarias,20.5,0.15,19.9,-0.44,0
2003-12-01,2003,12,Canarias,19.8,1.29,9.7,-1.45,0
2004-01-01,2004,1,Canarias,18.3,0.58,10.5,-0.83,0
2004-02-01,2004,2,Canarias,18.7,1.19,16.4,-1.05,0
2004-03-01,2004,3,Canarias,18.4,0.6,47.3,0.24,0
2004-04-01,2004,4,Canarias,18.2,0.1,8.7,-0.25,0
2004-05-01,2004,5,Canarias,19.1,-0.15,11.4,0.17,0
2004-06-01,2004,6,Canarias,22.3,1.51,0.5,-1.05,0
2004-07-01,2004,7,Canarias,24.0,1.48,6.1,-0.88,0
2004-08-01,2004,8,Canarias,25.3,2.01,3.1,-1.28,0
2004-09-01,2004,9,Canarias,24.3,1.08,6.5,-0.81,0
2004-10-01,2004,10,Canarias,23.3,1.2,17.5,-0.94,0
2004-11-01,2004,11,Canarias,21.0,0.73,24.4,-0.68,0
2004-12-01,2004,12,Canarias,18.2,-0.31,58.5,0.73,0
2005-01-01,2005,1,Canarias,17.1,-0.57,4.1,-0.3,0
2005-02-01,2005,2,Canarias,16.2,-1.38,56.2,1.48,0
2005-03-01,2005,3,Canarias,18.3,0.47,23.0,-0.29,0
2005-04-01,2005,4,Canarias,18.7,0.61,4.3,-0.67,0
2005-05-01,2005,5,Canarias,20.2,0.97,2.6,-0.73,0
2005-06-01,2005,6,Canarias,21.7,0.91,0.3,-0.7,0
2005-07-01,2005,7,Canarias,22.8,0.32,2.9,-0.26,0
2005-08-01,2005,8,Canarias,23.9,0.62,6.5,-0.36,0
2005-09-01,2005,9,Canarias,24.3,1.06,3.5,-0.87,0
2005-10-01,2005,10,Canarias,22.8,0.75,51.9,0.19,0
2005-11-01,2005,11,Canarias,20.3,-0.06,17.1,-0.39,0
2005-12-01,2005,12,Canarias,19.1,0.63,38.8,-0.33,0
2006-01-01,2006,1,Canarias,17.1,-0.63,79.8,1.62,0
2006-02-01,2006,2,Canarias,17.2,-0.39,34.6,0.35,0
2006-03-01,2006,3,Canarias,18.1,0.28,7.3,-0.57,0
2006-04-01,2006,4,Canarias,19.1,0.96,27.2,-0.31,0
2006-05-01,2006,5,Canarias,20.0,0.84,8.3,-0.5,0
2006-06-01,2006,6,Canarias,21.6,0.78,0.9,-0.61,0
2006-07-01,2006,7,Canarias,23.0,0.5,2.7,-0.37,0
2006-08-01,2006,8,Canarias,24.0,0.7,1.9,-0.53,0
2006-09-01,2006,9,Canarias,24.6,1.41,16.0,-0.77,0
2006-10-01,2006,10,Canarias,23.3,1.25,32.2,-0.61,0
2006-11-01,2006,11,Canarias,22.4,2.04,25.1,-1.45,0
2006-12-01,2006,12,Canarias,19.2,0.66,14.6,-0.95,0
2007-01-01,2007,1,Canarias,18.5,0.83,78.9,0.73,0
2007-02-01,2007,2,Canarias,18.1,0.51,4.1,-0.95,0
2007-03-01,2007,3,Canarias,17.6,-0.19,32.0,0.33,0
2007-04-01,2007,4,Canarias,18.5,0.36,15.4,-0.24,0
2007-05-01,2007,5,Canarias,19.9,0.74,9.7,-0.41,0
2007-06-01,2007,6,Canarias,21.3,0.49,11.8,-0.16,0
2007-07-01,2007,7,Canarias,23.2,0.71,7.2,-0.39,0
2007-08-01,2007,8,Canarias,22.8,-0.44,4.3,0.22,0
2007-09-01,2007,9,Canarias,22.9,-0.28,0.3,-0.15,0
2007-10-01,2007,10,Canarias,22.3,0.21,7.0,-0.61,0
2007-11-01,2007,11,Canarias,20.9,0.57,8.4,-0.98,0
2007-12-01,2007,12,Canarias,19.0,0.52,28.3,-0.52,0
2008-01-01,2008,1,Canarias,18.8,1.09,0.2,-1.4,0
2008-02-01,2008,2,Canarias,18.5,0.96,44.9,-0.2,0
2008-03-01,2008,3,Canarias,18.4,0.58,19.1,-0.45,0
2008-04-01,2008,4,Canarias,20.0,1.89,1.3,-1.51,0
2008-05-01,2008,5,Canarias,20.3,1.1,4.9,-0.75,0
2008-06-01,2008,6,Canarias,21.5,0.66,2.3,-0.5,0
2008-07-01,2008,7,Canarias,22.9,0.37,2.6,-0.3,0
2008-08-01,2008,8,Canarias,23.5,0.23,3.6,-0.2,0
2008-09-01,2008,9,Canarias,23.3,0.04,24.9,0.27,0
2008-10-01,2008,10,Canarias,21.4,-0.63,26.7,0.38,0
2008-11-01,2008,11,Canarias,19.4,-0.96,17.0,0.15,0
2008-12-01,2008,12,Canarias,17.8,-0.7,36.1,0.4,0
2009-01-01,2009,1,Canarias,17.1,-0.58,20.3,0.11,0
2009-02-01,2009,2,Canarias,16.8,-0.79,18.4,0.19,0
2009-03-01,2009,3,Canarias,17.8,-0.08,34.1,0.32,0
2009-04-01,2009,4,Canarias,18.2,0.06,12.8,-0.13,0
2009-05-01,2009,5,Canarias,19.5,0.25,3.4,-0.27,0
2009-06-01,2009,6,Canarias,22.0,1.18,1.8,-0.82,0
2009-07-01,2009,7,Canarias,24.3,1.86,0.2,-1.25,0
2009-08-01,2009,8,Canarias,24.0,0.78,3.9,-0.52,0
2009-09-01,2009,9,Canarias,23.3,0.12,14.4,-0.04,0
2009-10-01,2009,10,Canarias,23.5,1.4,4.3,-1.39,0
2009-11-01,2009,11,Canarias,21.5,1.21,27.5,-0.89,0
2009-12-01,2009,12,Canarias,20.6,2.11,75.2,-0.3,0
2010-01-01,2010,1,Canarias,19.1,1.35,7.1,-1.38,0
2010-02-01,2010,2,Canarias,19.5,1.96,27.2,-1.24,0
2010-03-01,2010,3,Canarias,19.4,1.58,2.1,-1.48,0
2010-04-01,2010,4,Canarias,19.5,1.37,10.0,-0.98,0
2010-05-01,2010,5,Canarias,19.9,0.66,3.4,-0.52,0
2010-06-01,2010,6,Canarias,21.1,0.25,4.9,-0.19,0
2010-07-01,2010,7,Canarias,22.7,0.19,5.4,-0.12,0
2010-08-01,2010,8,Canarias,24.0,0.74,2.7,-0.53,0
2010-09-01,2010,9,Canarias,23.9,0.64,44.0,0.39,0
2010-10-01,2010,10,Canarias,22.9,0.8,23.3,-0.56,0
2010-11-01,2010,11,Canarias,21.4,1.05,37.5,-0.54,0
2010-12-01,2010,12,Canarias,20.2,1.73,15.5,-1.57,0
2011-01-01,2011,1,Canarias,18.4,0.71,49.2,0.06,0
2011-02-01,2011,2,Canarias,17.8,0.21,16.7,-0.46,0
2011-03-01,2011,3,Canarias,17.3,-0.54,49.8,0.99,0
2011-04-01,2011,4,Canarias,18.7,0.59,31.0,0.01,0
2011-05-01,2011,5,Canarias,20.3,1.05,8.7,-0.62,0
2011-06-01,2011,6,Canarias,22.2,1.41,0.7,-0.99,0
2011-07-01,2011,7,Canarias,22.6,0.15,11.7,0.06,0
2011-08-01,2011,8,Canarias,23.3,0.07,7.4,-0.01,0
2011-09-01,2011,9,Canarias,23.8,0.54,3.4,-0.56,0
2011-10-01,2011,10,Canarias,23.1,1.01,10.7,-1.0,0
2011-11-01,2011,11,Canarias,20.4,0.08,8.1,-0.69,0
2011-12-01,2011,12,Canarias,19.2,0.65,11.5,-1.02,0
2012-01-01,2012,1,Canarias,18.0,0.28,4.4,-0.81,0
2012-02-01,2012,2,Canarias,15.9,-1.63,6.6,0.39,0
2012-03-01,2012,3,Canarias,18.0,0.11,1.0,-0.62,0
2012-04-01,2012,4,Canarias,17.9,-0.27,24.6,0.37,0
2012-05-01,2012,5,Canarias,20.9,1.68,2.4,-1.16,0
2012-06-01,2012,6,Canarias,22.6,1.76,7.4,-1.03,0
2012-07-01,2012,7,Canarias,23.3,0.85,4.6,-0.53,0
2012-08-01,2012,8,Canarias,24.6,1.36,1.7,-0.93,0
2012-09-01,2012,9,Canarias,24.6,1.38,5.2,-1.02,0
2012-10-01,2012,10,Canarias,23.1,1.01,38.9,-0.29,0
2012-11-01,2012,11,Canarias,20.8,0.49,90.3,1.11,0
2012-12-01,2012,12,Canarias,19.2,0.68,5.7,-1.18,0
2013-01-01,2013,1,Canarias,18.5,0.8,6.2,-1.07,0
2013-02-01,2013,2,Canarias,17.8,0.25,18.3,-0.44,0
2013-03-01,2013,3,Canarias,19.2,1.38,29.3,-0.68,0
2013-04-01,2013,4,Canarias,19.8,1.67,3.3,-1.33,0
2013-05-01,2013,5,Canarias,19.6,0.37,2.5,-0.37,0
2013-06-01,2013,6,Canarias,20.9,0.13,5.7,-0.1,0
2013-07-01,2013,7,Canarias,23.0,0.52,0.9,-0.43,0
2013-08-01,2013,8,Canarias,24.4,1.11,0.4,-0.81,0
2013-09-01,2013,9,Canarias,23.5,0.24,5.2,-0.34,0
2013-10-01,2013,10,Canarias,22.9,0.83,7.3,-0.98,0
2013-11-01,2013,11,Canarias,20.9,0.56,22.2,-0.63,0
2013-12-01,2013,12,Canarias,19.2,0.71,118.9,1.63,0
2014-01-01,2014,1,Canarias,17.7,0.02,42.1,0.29,0
2014-02-01,2014,2,Canarias,17.4,-0.18,31.8,0.15,0
2014-03-01,2014,3,Canarias,17.6,-0.28,22.2,0.14,0
2014-04-01,2014,4,Canarias,19.1,0.96,33.1,-0.16,0
2014-05-01,2014,5,Canarias,20.0,0.8,13.2,-0.36,0
2014-06-01,2014,6,Canarias,21.4,0.55,0.2,-0.49,0
2014-07-01,2014,7,Canarias,22.5,-0.02,7.6,0.06,0
2014-08-01,2014,8,Canarias,23.7,0.42,3.0,-0.33,0
2014-09-01,2014,9,Canarias,24.3,1.05,3.1,-0.88,0
2014-10-01,2014,10,Canarias,23.5,1.42,12.1,-1.21,0
2014-11-01,2014,11,Canarias,20.8,0.51,80.1,0.85,0
2014-12-01,2014,12,Canarias,18.8,0.3,26.4,-0.44,0
2015-01-01,2015,1,Canarias,17.3,-0.37,14.4,-0.17,0
2015-02-01,2015,2,Canarias,16.6,-0.97,33.2,0.66,0
2015-03-01,2015,3,Canarias,17.4,-0.47,15.6,0.09,0
2015-04-01,2015,4,Canarias,18.1,-0.04,3.9,-0.29,0
2015-05-01,2015,5,Canarias,20.5,1.34,4.6,-0.9,0
2015-06-01,2015,6,Canarias,21.0,0.25,1.4,-0.28,0
2015-07-01,2015,7,Canarias,23.7,1.19,3.8,-0.76,0
2015-08-01,2015,8,Canarias,24.2,0.94,44.3,0.39,0
2015-09-01,2015,9,Canarias,24.3,1.1,21.9,-0.44,0
2015-10-01,2015,10,Canarias,23.3,1.19,47.7,-0.18,0
2015-11-01,2015,11,Canarias,21.5,1.17,5.1,-1.42,0
2015-12-01,2015,12,Canarias,20.7,2.17,11.7,-1.93,0
2016-01-01,2016,1,Canarias,19.5,1.74,5.6,-1.65,0
2016-02-01,2016,2,Canarias,18.0,0.44,98.2,1.44,0
2016-03-01,2016,3,Canarias,17.5,-0.36,13.8,-0.02,0
2016-04-01,2016,4,Canarias,18.6,0.46,12.0,-0.39,0
2016-05-01,2016,5,Canarias,19.5,0.3,8.3,-0.18,0
2016-06-01,2016,6,Canarias,21.9,1.11,2.3,-0.77,0
2016-07-01,2016,7,Canarias,23.2,0.7,7.1,-0.38,0
2016-08-01,2016,8,Canarias,24.4,1.15,3.3,-0.76,0
2016-09-01,2016,9,Canarias,23.7,0.44,2.5,-0.53,0
2016-10-01,2016,10,Canarias,22.6,0.48,24.4,-0.34,0
2016-11-01,2016,11,Canarias,20.4,0.07,36.4,0.02,0
2016-12-01,2016,12,Canarias,19.7,1.15,12.2,-1.3,0
2017-01-01,2017,1,Canarias,17.1,-0.59,12.4,-0.08,0
2017-02-01,2017,2,Canarias,16.7,-0.87,32.4,0.58,0
2017-03-01,2017,3,Canarias,17.8,-0.01,15.6,-0.18,2
2017-04-01,2017,4,Canarias,19.6,1.47,13.0,-0.97,2
2017-05-01,2017,5,Canarias,20.4,1.18,17.7,-0.47,0
2017-06-01,2017,6,Canarias,21.5,0.72,5.7,-0.45,1
2017-07-01,2017,7,Canarias,22.1,-0.4,7.5,0.29,2
2017-08-01,2017,8,Canarias,23.4,0.16,5.2,-0.12,2
2017-09-01,2017,9,Canarias,22.7,-0.52,8.8,0.21,0
2017-10-01,2017,10,Canarias,23.4,1.29,9.7,-1.19,5
2017-11-01,2017,11,Canarias,20.9,0.54,9.0,-0.95,0
2017-12-01,2017,12,Canarias,17.9,-0.64,23.3,0.05,0
2018-01-01,2018,1,Canarias,16.8,-0.88,61.2,1.31,0
2018-02-01,2018,2,Canarias,15.7,-1.82,55.1,1.72,0
2018-03-01,2018,3,Canarias,17.8,-0.0,6.8,-0.41,0
2018-04-01,2018,4,Canarias,17.4,-0.7,27.6,0.7,0
2018-05-01,2018,5,Canarias,18.0,-1.2,19.6,1.0,0
2018-06-01,2018,6,Canarias,19.9,-0.88,15.6,0.76,0
2018-07-01,2018,7,Canarias,21.3,-1.18,0.3,0.58,0
2018-08-01,2018,8,Canarias,22.6,-0.66,4.7,0.36,0
2018-09-01,2018,9,Canarias,23.0,-0.23,5.1,-0.06,0
2018-10-01,2018,10,Canarias,21.7,-0.37,50.4,0.82,0
2018-11-01,2018,11,Canarias,18.7,-1.62,61.6,1.66,0
2018-12-01,2018,12,Canarias,18.2,-0.29,1.3,-0.71,0
2019-01-01,2019,1,Canarias,16.4,-1.34,14.8,0.43,0
2019-02-01,2019,2,Canarias,17.6,0.07,18.7,-0.32,0
2019-03-01,2019,3,Canarias,17.0,-0.82,32.7,0.73,0
2019-04-01,2019,4,Canarias,17.6,-0.48,32.0,0.68,0
2019-05-01,2019,5,Canarias,19.2,-0.02,9.2,0.03,0
2019-06-01,2019,6,Canarias,20.9,0.14,15.5,0.14,0
2019-07-01,2019,7,Canarias,21.6,-0.89,9.9,0.64,0
2019-08-01,2019,8,Canarias,22.5,-0.73,1.6,0.32,0
2019-09-01,2019,9,Canarias,22.5,-0.75,6.8,0.29,0
2019-10-01,2019,10,Canarias,22.2,0.1,13.1,-0.39,0
2019-11-01,2019,11,Canarias,19.9,-0.46,38.1,0.38,0
2019-12-01,2019,12,Canarias,18.2,-0.34,45.8,0.43,0
2020-01-01,2020,1,Canarias,17.0,-0.73,7.6,-0.12,0
2020-02-01,2020,2,Canarias,18.9,1.3,6.3,-1.37,0
2020-03-01,2020,3,Canarias,17.4,-0.4,50.1,0.91,0
2020-04-01,2020,4,Canarias,18.6,0.52,20.6,-0.21,0
2020-05-01,2020,5,Canarias,20.1,0.95,17.7,-0.34,0
2020-06-01,2020,6,Canarias,22.1,1.28,25.1,-0.3,0
2020-07-01,2020,7,Canarias,22.2,-0.3,1.1,0.07,0
2020-08-01,2020,8,Canarias,23.2,-0.02,3.6,-0.05,2
2020-09-01,2020,9,Canarias,23.6,0.33,8.6,-0.31,1
2020-10-01,2020,10,Canarias,21.9,-0.14,39.3,0.41,0
2020-11-01,2020,11,Canarias,20.6,0.32,55.8,0.35,0
2020-12-01,2020,12,Canarias,18.0,-0.48,27.4,0.06,0
2021-01-01,2021,1,Canarias,17.0,-0.68,44.1,0.76,0
2021-02-01,2021,2,Canarias,16.7,-0.88,67.0,1.45,0
2021-03-01,2021,3,Canarias,17.5,-0.35,21.8,0.18,0
2021-04-01,2021,4,Canarias,18.9,0.82,35.7,-0.01,0
2021-05-01,2021,5,Canarias,19.3,0.12,6.7,-0.11,0
2021-06-01,2021,6,Canarias,20.5,-0.33,8.9,0.26,0
2021-07-01,2021,7,Canarias,21.6,-0.94,3.6,0.51,2
2021-08-01,2021,8,Canarias,23.0,-0.29,4.1,0.12,3
2021-09-01,2021,9,Canarias,23.5,0.28,11.1,-0.22,1
2021-10-01,2021,10,Canarias,21.9,-0.2,12.1,-0.24,0
2021-11-01,2021,11,Canarias,19.4,-0.94,52.3,1.02,0
2021-12-01,2021,12,Canarias,18.2,-0.34,28.6,0.0,0
2022-01-01,2022,1,Canarias,17.9,0.17,32.2,-0.05,0
2022-02-01,2022,2,Canarias,18.1,0.55,32.0,-0.28,0
2022-03-01,2022,3,Canarias,17.1,-0.74,39.5,0.85,0
2022-04-01,2022,4,Canarias,18.1,-0.06,24.3,0.23,1
2022-05-01,2022,5,Canarias,20.3,1.07,9.5,-0.61,1
2022-06-01,2022,6,Canarias,21.0,0.19,20.9,0.25,0
2022-07-01,2022,7,Canarias,22.8,0.31,14.1,0.03,5
2022-08-01,2022,8,Canarias,22.7,-0.55,20.7,0.69,0
2022-09-01,2022,9,Canarias,23.0,-0.17,149.5,3.0,0
2022-10-01,2022,10,Canarias,21.9,-0.14,24.6,0.04,0
2022-11-01,2022,11,Canarias,20.9,0.63,17.9,-0.78,0
2022-12-01,2022,12,Canarias,19.8,1.24,19.1,-1.18,0
2023-01-01,2023,1,Canarias,17.6,-0.14,46.0,0.49,0
2023-02-01,2023,2,Canarias,16.3,-1.28,30.5,0.78,0
2023-03-01,2023,3,Canarias,19.3,1.41,5.6,-1.29,0
2023-04-01,2023,4,Canarias,19.3,1.21,20.0,-0.64,0
2023-05-01,2023,5,Canarias,20.5,1.28,21.3,-0.44,0
2023-06-01,2023,6,Canarias,22.9,2.12,34.1,-0.58,1
2023-07-01,2023,7,Canarias,23.0,0.5,12.3,-0.13,0
2023-08-01,2023,8,Canarias,24.4,1.15,11.0,-0.57,4
2023-09-01,2023,9,Canarias,23.5,0.31,26.5,0.15,0
2023-10-01,2023,10,Canarias,25.6,3.53,19.9,-2.28,13
2023-11-01,2023,11,Canarias,21.8,1.45,20.6,-1.2,1
2023-12-01,2023,12,Canarias,19.2,0.72,17.2,-0.92,0
2024-01-01,2024,1,Canarias,19.5,1.81,15.8,-1.44,0
2024-02-01,2024,2,Canarias,19.2,1.63,20.3,-1.22,0
2024-03-01,2024,3,Canarias,18.1,0.28,62.2,0.81,0
2024-04-01,2024,4,Canarias,20.6,2.5,24.8,-1.29,3
2024-05-01,2024,5,Canarias,19.8,0.63,28.7,0.13,0
2024-06-01,2024,6,Canarias,20.8,-0.03,33.0,0.68,0
2024-07-01,2024,7,Canarias,21.9,-0.56,18.2,0.65,0
2024-08-01,2024,8,Canarias,22.9,-0.32,19.4,0.52,0
2024-09-01,2024,9,Canarias,22.4,-0.85,28.0,0.88,0
2024-10-01,2024,10,Canarias,22.2,0.09,45.7,0.43,0
2024-11-01,2024,11,Canarias,21.8,1.48,28.6,-1.02,2
2024-12-01,2024,12,Canarias,18.9,0.42,63.1,0.41,0
1961-01-01,1961,1,Cantabria,8.4,-0.02,161.2,1.04,0
1961-02-01,1961,2,Cantabria,11.6,2.51,30.7,-3.0,0
1961-03-01,1961,3,Cantabria,11.3,1.19,7.6,-3.0,0
1961-04-01,1961,4,Cantabria,14.4,2.76,112.1,-1.7,0
1961-05-01,1961,5,Cantabria,16.1,1.8,68.6,-1.72,0
1961-06-01,1961,6,Cantabria,17.9,0.83,69.2,-0.54,0
1961-07-01,1961,7,Cantabria,19.3,0.0,80.8,0.61,0
1961-08-01,1961,8,Cantabria,19.3,-0.19,17.9,-1.09,2
1961-09-01,1961,9,Cantabria,20.8,2.32,77.8,-1.6,3
1961-10-01,1961,10,Cantabria,15.8,0.21,236.0,2.94,0
1961-11-01,1961,11,Cantabria,10.9,-0.56,196.1,1.58,0
1961-12-01,1961,12,Cantabria,10.8,1.7,52.0,-2.74,0
1962-01-01,1962,1,Cantabria,9.1,0.75,128.0,-0.25,0
1962-02-01,1962,2,Cantabria,7.9,-1.2,127.3,1.3,0
1962-03-01,1962,3,Cantabria,9.6,-0.47,85.6,-0.28,0
1962-04-01,1962,4,Cantabria,11.6,-0.01,82.9,-0.77,0
1962-05-01,1962,5,Cantabria,14.5,0.24,95.1,-0.12,0
1962-06-01,1962,6,Cantabria,17.3,0.22,36.0,-1.01,0
1962-07-01,1962,7,Cantabria,19.5,0.11,27.5,-0.79,0
1962-08-01,1962,8,Cantabria,20.7,1.21,13.4,-2.04,1
1962-09-01,1962,9,Cantabria,19.7,1.16,54.1,-1.5,2
1962-10-01,1962,10,Cantabria,16.2,0.63,125.6,-0.07,0
1962-11-01,1962,11,Cantabria,9.7,-1.79,239.8,3.0,0
1962-12-01,1962,12,Cantabria,7.4,-1.72,174.1,2.36,0
1963-01-01,1963,1,Cantabria,6.2,-2.23,80.7,0.36,0
1963-02-01,1963,2,Cantabria,6.5,-2.59,126.3,2.11,0
1963-03-01,1963,3,Cantabria,11.3,1.25,153.8,0.4,0
1963-04-01,1963,4,Cantabria,11.7,0.14,65.4,-1.29,0
1963-05-01,1963,5,Cantabria,13.4,-0.93,41.8,-0.75,0
1963-06-01,1963,6,Cantabria,17.3,0.16,64.0,-0.27,1
1963-07-01,1963,7,Cantabria,19.7,0.36,44.6,-0.51,0
1963-08-01,1963,8,Cantabria,17.9,-1.61,96.0,1.71,0
1963-09-01,1963,9,Cantabria,17.1,-1.37,125.7,1.81,0
1963-10-01,1963,10,Cantabria,15.9,0.32,44.4,-1.92,0
1963-11-01,1963,11,Cantabria,13.2,1.74,128.5,-1.49,0
1963-12-01,1963,12,Cantabria,7.2,-1.92,58.3,-0.42,0
1964-01-01,1964,1,Cantabria,7.4,-1.02,18.9,-1.92,0
1964-02-01,1964,2,Cantabria,9.1,-0.04,81.5,-0.54,0
1964-03-01,1964,3,Cantabria,10.1,0.03,134.7,0.65,0
1964-04-01,1964,4,Cantabria,11.8,0.22,138.9,0.5,0
1964-05-01,1964,5,Cantabria,16.6,2.27,60.6,-2.2,1
1964-06-01,1964,6,Cantabria,17.7,0.62,63.1,-0.57,0
1964-07-01,1964,7,Cantabria,20.0,0.69,14.2,-1.47,0
1964-08-01,1964,8,Cantabria,20.1,0.59,51.7,-0.71,3
1964-09-01,1964,9,Cantabria,20.1,1.55,34.5,-2.22,1
1964-10-01,1964,10,Cantabria,13.9,-1.75,177.7,2.66,0
1964-11-01,1964,11,Cantabria,10.3,-1.24,72.5,-1.1,0
1964-12-01,1964,12,Cantabria,7.4,-1.74,195.2,2.9,0
1965-01-01,1965,1,Cantabria,7.8,-0.63,174.8,1.75,0
1965-02-01,1965,2,Cantabria,6.2,-2.9,53.7,0.48,0
1965-03-01,1965,3,Cantabria,10.9,0.82,149.6,0.55,0
1965-04-01,1965,4,Cantabria,11.3,-0.3,164.1,1.44,0
1965-05-01,1965,5,Cantabria,15.3,1.03,65.9,-1.32,0
1965-06-01,1965,6,Cantabria,17.4,0.33,42.2,-0.92,0
1965-07-01,1965,7,Cantabria,18.4,-0.97,33.7,0.02,0
1965-08-01,1965,8,Cantabria,19.1,-0.42,112.2,1.41,1
1965-09-01,1965,9,Cantabria,16.5,-2.05,163.1,3.0,0
1965-10-01,1965,10,Cantabria,16.8,1.16,46.9,-2.36,0
1965-11-01,1965,11,Cantabria,11.4,-0.13,156.0,0.32,0
1965-12-01,1965,12,Cantabria,10.1,0.91,195.0,1.3,0
1966-01-01,1966,1,Cantabria,9.7,1.33,78.4,-1.84,0
1966-02-01,1966,2,Cantabria,12.5,3.42,107.1,-1.98,0
1966-03-01,1966,3,Cantabria,9.2,-0.88,77.8,-0.22,0
1966-04-01,1966,4,Cantabria,13.4,1.84,93.1,-1.62,0
1966-05-01,1966,5,Cantabria,14.6,0.3,124.3,0.57,0
1966-06-01,1966,6,Cantabria,17.5,0.4,164.5,2.1,0
1966-07-01,1966,7,Cantabria,18.2,-1.1,59.9,0.75,0
1966-08-01,1966,8,Cantabria,19.6,0.14,23.4,-1.15,0
1966-09-01,1966,9,Cantabria,20.2,1.7,63.3,-1.59,3
1966-10-01,1966,10,Cantabria,15.4,-0.18,211.0,2.55,0
1966-11-01,1966,11,Cantabria,9.4,-2.11,258.6,3.0,0
1966-12-01,1966,12,Cantabria,9.5,0.33,142.4,0.34,0
1967-01-01,1967,1,Cantabria,8.3,-0.07,101.8,-0.41,0
1967-02-01,1967,2,Cantabria,9.5,0.38,25.8,-2.18,0
1967-03-01,1967,3,Cantabria,10.9,0.84,91.1,-0.92,0
1967-04-01,1967,4,Cantabria,10.6,-0.99,75.4,-0.37,0
1967-05-01,1967,5,Cantabria,14.5,0.16,108.8,0.27,0
1967-06-01,1967,6,Cantabria,16.8,-0.35,73.6,0.27,0
1967-07-01,1967,7,Cantabria,19.8,0.45,44.0,-0.58,0
1967-08-01,1967,8,Cantabria,19.5,-0.06,45.6,-0.48,0
1967-09-01,1967,9,Cantabria,18.1,-0.4,108.7,0.8,0
1967-10-01,1967,10,Cantabria,16.9,1.29,99.7,-1.12,0
1967-11-01,1967,11,Cantabria,11.8,0.34,196.9,1.06,0
1967-12-01,1967,12,Cantabria,7.6,-1.56,199.9,2.91,0
1968-01-01,1968,1,Cantabria,8.7,0.36,154.1,0.64,0
1968-02-01,1968,2,Cantabria,9.5,0.39,88.3,-0.63,0
1968-03-01,1968,3,Cantabria,9.6,-0.52,102.6,0.18,0
1968-04-01,1968,4,Cantabria,12.0,0.43,109.0,-0.38,0
1968-05-01,1968,5,Cantabria,13.3,-1.0,128.3,1.45,0
1968-06-01,1968,6,Cantabria,17.2,0.05,59.0,-0.33,1
1968-07-01,1968,7,Cantabria,19.5,0.11,32.2,-0.67,2
1968-08-01,1968,8,Cantabria,19.5,0.01,155.6,2.23,1
1968-09-01,1968,9,Cantabria,18.0,-0.55,132.8,1.5,1
1968-10-01,1968,10,Cantabria,17.8,2.17,52.4,-2.83,0
1968-11-01,1968,11,Cantabria,12.9,1.36,102.2,-1.91,0
1968-12-01,1968,12,Cantabria,9.7,0.51,163.5,0.76,0
1969-01-01,1969,1,Cantabria,9.4,0.97,56.2,-2.18,0
1969-02-01,1969,2,Cantabria,7.3,-1.83,94.4,0.86,0
1969-03-01,1969,3,Cantabria,10.3,0.17,134.5,0.56,0
1969-04-01,1969,4,Cantabria,11.4,-0.25,145.2,0.93,0
1969-05-01,1969,5,Cantabria,15.0,0.73,88.7,-0.57,0
1969-06-01,1969,6,Cantabria,16.0,-1.07,96.2,1.27,0
1969-07-01,1969,7,Cantabria,20.1,0.72,29.5,-1.1,1
1969-08-01,1969,8,Cantabria,19.2,-0.28,44.5,-0.37,0
1969-09-01,1969,9,Cantabria,17.0,-1.47,206.8,3.0,0
1969-10-01,1969,10,Cantabria,16.7,1.04,33.7,-2.62,0
1969-11-01,1969,11,Cantabria,11.0,-0.5,111.9,-0.56,0
1969-12-01,1969,12,Cantabria,8.4,-0.75,264.2,3.0,0
1970-01-01,1970,1,Cantabria,10.3,1.92,109.5,-1.41,0
1970-02-01,1970,2,Cantabria,8.6,-0.53,147.8,1.41,0
1970-03-01,1970,3,Cantabria,7.7,-2.35,157.2,2.64,0
1970-04-01,1970,4,Cantabria,10.6,-1.04,122.2,0.83,0
1970-05-01,1970,5,Cantabria,14.3,-0.06,84.6,-0.2,0
1970-06-01,1970,6,Cantabria,17.9,0.84,106.1,0.37,0
1970-07-01,1970,7,Cantabria,18.9,-0.43,29.7,-0.41,0
1970-08-01,1970,8,Cantabria,19.2,-0.26,103.1,1.08,0
1970-09-01,1970,9,Cantabria,19.1,0.63,62.0,-0.98,0
1970-10-01,1970,10,Cantabria,14.0,-1.56,104.4,0.71,0
1970-11-01,1970,11,Cantabria,13.7,2.2,110.0,-2.22,0
1970-12-01,1970,12,Cantabria,6.9,-2.3,87.6,0.55,0
1971-01-01,1971,1,Cantabria,7.9,-0.5,109.4,0.03,0
1971-02-01,1971,2,Cantabria,8.0,-1.14,102.6,0.65,0
1971-03-01,1971,3,Cantabria,7.1,-2.97,133.2,2.41,0
1971-04-01,1971,4,Cantabria,12.7,1.08,138.3,-0.04,0
1971-05-01,1971,5,Cantabria,14.0,-0.32,206.4,3.0,0
1971-06-01,1971,6,Cantabria,15.9,-1.2,98.6,1.41,0
1971-07-01,1971,7,Cantabria,20.4,1.07,81.2,-0.02,0
1971-08-01,1971,8,Cantabria,19.2,-0.26,71.3,0.29,0
1971-09-01,1971,9,Cantabria,17.9,-0.57,60.6,-0.3,0
1971-10-01,1971,10,Cantabria,17.1,1.48,55.2,-2.34,0
1971-11-01,1971,11,Cantabria,9.9,-1.63,253.4,3.0,0
1971-12-01,1971,12,Cantabria,8.3,-0.86,112.1,0.29,0
1972-01-01,1972,1,Cantabria,7.2,-1.18,187.5,2.4,0
1972-02-01,1972,2,Cantabria,8.7,-0.42,177.4,2.09,0
1972-03-01,1972,3,Cantabria,10.3,0.19,104.2,-0.21,0
1972-04-01,1972,4,Cantabria,10.7,-0.87,188.1,2.38,0
1972-05-01,1972,5,Cantabria,12.4,-1.86,190.7,3.0,0
1972-06-01,1972,6,Cantabria,14.9,-2.21,96.9,1.97,0
1972-07-01,1972,7,Cantabria,18.5,-0.81,47.6,0.27,0
1972-08-01,1972,8,Cantabria,17.6,-1.87,84.4,1.58,0
1972-09-01,1972,9,Cantabria,15.7,-2.84,91.4,1.83,0
1972-10-01,1972,10,Cantabria,14.8,-0.82,115.4,0.54,0
1972-11-01,1972,11,Cantabria,11.9,0.37,71.8,-2.08,0
1972-12-01,1972,12,Cantabria,9.4,0.21,109.9,-0.4,0
1973-01-01,1973,1,Cantabria,7.7,-0.64,93.2,-0.29,0
1973-02-01,1973,2,Cantabria,7.6,-1.48,178.3,2.74,0
1973-03-01,1973,3,Cantabria,8.7,-1.38,67.8,-0.17,0
1973-04-01,1973,4,Cantabria,10.6,-1.01,87.3,-0.06,0
1973-05-01,1973,5,Cantabria,15.5,1.19,106.5,-0.4,0
1973-06-01,1973,6,Cantabria,17.0,-0.09,102.4,0.84,0
1973-07-01,1973,7,Cantabria,18.4,-0.9,105.4,1.77,0
1973-08-01,1973,8,Cantabria,20.6,1.14,45.2,-1.21,0
1973-09-01,1973,9,Cantabria,18.8,0.27,173.6,2.02,0
1973-10-01,1973,10,Cantabria,14.1,-1.47,101.5,0.58,0
1973-11-01,1973,11,Cantabria,10.7,-0.85,52.9,-1.82,0
1973-12-01,1973,12,Cantabria,8.3,-0.82,121.8,0.51,0
1974-01-01,1974,1,Cantabria,10.2,1.86,63.8,-2.52,0
1974-02-01,1974,2,Cantabria,8.8,-0.38,165.0,1.75,0
1974-03-01,1974,3,Cantabria,10.0,-0.1,179.0,1.84,0
1974-04-01,1974,4,Cantabria,10.7,-0.87,116.1,0.58,0
1974-05-01,1974,5,Cantabria,14.1,-0.22,121.4,0.81,0
1974-06-01,1974,6,Cantabria,17.4,0.34,43.3,-0.9,0
1974-07-01,1974,7,Cantabria,18.7,-0.64,62.0,0.53,1
1974-08-01,1974,8,Cantabria,18.9,-0.59,57.1,0.13,0
1974-09-01,1974,9,Cantabria,16.9,-1.61,100.8,1.33,0
1974-10-01,1974,10,Cantabria,11.5,-4.12,280.0,3.0,0
1974-11-01,1974,11,Cantabria,11.4,-0.06,139.9,-0.12,0
1974-12-01,1974,12,Cantabria,9.4,0.21,39.7,-2.16,0
1975-01-01,1975,1,Cantabria,9.5,1.09,71.4,-1.87,0
1975-02-01,1975,2,Cantabria,10.1,1.02,28.3,-2.51,0
1975-03-01,1975,3,Cantabria,8.9,-1.17,186.3,2.66,0
1975-04-01,1975,4,Cantabria,10.9,-0.73,168.2,1.8,0
1975-05-01,1975,5,Cantabria,13.2,-1.15,95.9,0.73,0
1975-06-01,1975,6,Cantabria,17.2,0.06,49.4,-0.58,0
1975-07-01,1975,7,Cantabria,20.1,0.74,18.1,-1.4,3
1975-08-01,1975,8,Cantabria,20.3,0.77,71.7,-0.32,1
1975-09-01,1975,9,Cantabria,17.7,-0.76,125.5,1.44,0
1975-10-01,1975,10,Cantabria,15.0,-0.61,115.3,0.41,0
1975-11-01,1975,11,Cantabria,10.9,-0.61,212.5,2.02,0
1975-12-01,1975,12,Cantabria,6.4,-2.8,111.8,1.45,0
1976-01-01,1976,1,Cantabria,6.8,-1.6,74.6,-0.18,0
1976-02-01,1976,2,Cantabria,9.2,0.04,87.2,-0.45,0
1976-03-01,1976,3,Cantabria,9.7,-0.4,85.3,-0.32,0
1976-04-01,1976,4,Cantabria,10.4,-1.16,156.2,1.76,0
1976-05-01,1976,5,Cantabria,14.2,-0.13,44.0,-1.18,0
1976-06-01,1976,6,Cantabria,19.6,2.46,20.6,-2.74,2
1976-07-01,1976,7,Cantabria,20.2,0.9,87.7,0.25,0
1976-08-01,1976,8,Cantabria,20.2,0.73,122.7,0.98,0
1976-09-01,1976,9,Cantabria,17.4,-1.06,130.9,1.75,0
1976-10-01,1976,10,Cantabria,14.7,-0.93,187.7,2.42,0
1976-11-01,1976,11,Cantabria,10.0,-1.53,120.4,0.27,0
1976-12-01,1976,12,Cantabria,8.6,-0.55,116.5,0.22,0
1977-01-01,1977,1,Cantabria,7.8,-0.63,100.6,-0.11,0
1977-02-01,1977,2,Cantabria,11.0,1.83,93.7,-1.36,0
1977-03-01,1977,3,Cantabria,12.0,1.97,92.6,-1.56,0
1977-04-01,1977,4,Cantabria,11.0,-0.6,93.8,-0.14,0
1977-05-01,1977,5,Cantabria,12.8,-1.5,197.1,3.0,0
1977-06-01,1977,6,Cantabria,15.1,-2.03,203.2,3.0,0
1977-07-01,1977,7,Cantabria,17.6,-1.72,146.4,3.0,0
1977-08-01,1977,8,Cantabria,17.8,-1.68,127.0,2.53,0
1977-09-01,1977,9,Cantabria,17.7,-0.81,12.2,-1.36,0
1977-10-01,1977,10,Cantabria,16.3,0.67,61.4,-1.7,0
1977-11-01,1977,11,Cantabria,11.1,-0.45,129.7,-0.14,0
1977-12-01,1977,12,Cantabria,10.9,1.74,74.2,-2.21,0
1978-01-01,1978,1,Cantabria,7.5,-0.91,263.0,3.0,0
1978-02-01,1978,2,Cantabria,10.5,1.34,82.1,-1.35,0
1978-03-01,1978,3,Cantabria,10.4,0.33,131.2,0.38,0
1978-04-01,1978,4,Cantabria,10.7,-0.88,170.3,1.94,0
1978-05-01,1978,5,Cantabria,13.2,-1.07,161.7,2.33,0
1978-06-01,1978,6,Cantabria,15.7,-1.43,125.0,2.21,0
1978-07-01,1978,7,Cantabria,18.1,-1.23,46.4,0.49,0
1978-08-01,1978,8,Cantabria,19.2,-0.33,27.5,-0.77,0
1978-09-01,1978,9,Cantabria,18.6,0.05,26.3,-1.53,0
1978-10-01,1978,10,Cantabria,15.3,-0.34,79.6,-0.64,0
1978-11-01,1978,11,Cantabria,11.7,0.15,70.6,-1.98,0
1978-12-01,1978,12,Cantabria,11.1,1.95,79.3,-2.21,0
1979-01-01,1979,1,Cantabria,8.3,-0.04,205.3,2.16,0
1979-02-01,1979,2,Cantabria,9.4,0.25,82.8,-0.68,0
1979-03-01,1979,3,Cantabria,9.5,-0.56,166.0,1.79,0
1979-04-01,1979,4,Cantabria,11.2,-0.45,192.2,2.23,0
1979-05-01,1979,5,Cantabria,13.9,-0.42,71.9,-0.3,0
1979-06-01,1979,6,Cantabria,16.7,-0.41,25.0,-0.9,0
1979-07-01,1979,7,Cantabria,19.5,0.19,42.9,-0.45,0
1979-08-01,1979,8,Cantabria,18.9,-0.63,70.2,0.48,0
1979-09-01,1979,9,Cantabria,18.1,-0.37,72.0,-0.13,0
1979-10-01,1979,10,Cantabria,15.6,-0.01,198.1,2.12,0
1979-11-01,1979,11,Cantabria,10.7,-0.76,185.5,1.44,0
1979-12-01,1979,12,Cantabria,10.0,0.83,138.7,-0.06,0
1980-01-01,1980,1,Cantabria,8.1,-0.33,128.0,0.4,0
1980-02-01,1980,2,Cantabria,10.3,1.16,36.9,-2.38,0
1980-03-01,1980,3,Cantabria,9.9,-0.18,141.5,0.95,0
1980-04-01,1980,4,Cantabria,11.0,-0.57,137.1,0.92,0
1980-05-01,1980,5,Cantabria,13.3,-0.97,158.3,2.19,0
1980-06-01,1980,6,Cantabria,16.1,-1.0,66.1,0.48,0
1980-07-01,1980,7,Cantabria,17.6,-1.71,54.9,0.99,1
1980-08-01,1980,8,Cantabria,20.4,0.85,35.2,-1.28,0
1980-09-01,1980,9,Cantabria,19.1,0.57,18.1,-2.04,0
1980-10-01,1980,10,Cantabria,15.0,-0.61,174.0,1.88,0
1980-11-01,1980,11,Cantabria,10.8,-0.7,107.6,-0.54,0
1980-12-01,1980,12,Cantabria,7.7,-1.41,181.1,2.35,0
1981-01-01,1981,1,Cantabria,8.1,-0.25,144.3,0.76,0
1981-02-01,1981,2,Cantabria,7.6,-1.52,102.9,0.88,0
1981-03-01,1981,3,Cantabria,12.8,2.67,63.2,-2.72,0
1981-04-01,1981,4,Cantabria,11.8,0.21,93.2,-0.64,0
1981-05-01,1981,5,Cantabria,14.7,0.35,106.2,0.09,0
1981-06-01,1981,6,Cantabria,17.4,0.29,36.7,-1.03,0
1981-07-01,1981,7,Cantabria,18.3,-1.07,61.7,0.78,0
1981-08-01,1981,8,Cantabria,19.9,0.41,34.0,-1.05,0
1981-09-01,1981,9,Cantabria,18.9,0.37,76.5,-0.46,0
1981-10-01,1981,10,Cantabria,15.3,-0.34,176.4,1.78,0
1981-11-01,1981,11,Cantabria,12.2,0.64,21.6,-3.0,0
1981-12-01,1981,12,Cantabria,10.6,1.43,245.0,2.24,0
1982-01-01,1982,1,Cantabria,10.6,2.17,86.2,-2.15,0
1982-02-01,1982,2,Cantabria,10.0,0.92,118.6,-0.19,0
1982-03-01,1982,3,Cantabria,10.0,-0.06,105.5,-0.02,0
1982-04-01,1982,4,Cantabria,11.7,0.08,7.1,-2.72,0
1982-05-01,1982,5,Cantabria,14.6,0.33,55.6,-1.16,0
1982-06-01,1982,6,Cantabria,18.1,1.01,49.5,-1.14,0
1982-07-01,1982,7,Cantabria,20.0,0.67,33.3,-0.98,1
1982-08-01,1982,8,Cantabria,19.0,-0.54,71.4,0.46,0
1982-09-01,1982,9,Cantabria,19.3,0.76,74.8,-0.74,1
1982-10-01,1982,10,Cantabria,14.7,-0.92,164.3,1.82,0
1982-11-01,1982,11,Cantabria,12.1,0.64,124.7,-0.92,0
1982-12-01,1982,12,Cantabria,9.3,0.18,223.0,2.44,0
1983-01-01,1983,1,Cantabria,8.5,0.09,27.5,-2.37,0
1983-02-01,1983,2,Cantabria,7.6,-1.55,125.2,1.46,0
1983-03-01,1983,3,Cantabria,10.5,0.44,136.9,0.46,0
1983-04-01,1983,4,Cantabria,12.1,0.52,145.7,0.49,0
1983-05-01,1983,5,Cantabria,13.5,-0.83,86.1,0.3,0
1983-06-01,1983,6,Cantabria,17.8,0.73,31.4,-1.43,1
1983-07-01,1983,7,Cantabria,20.7,1.32,109.4,0.54,0
1983-08-01,1983,8,Cantabria,19.5,0.02,238.3,3.0,0
1983-09-01,1983,9,Cantabria,19.4,0.88,36.2,-1.78,2
1983-10-01,1983,10,Cantabria,16.0,0.4,50.6,-1.81,0
1983-11-01,1983,11,Cantabria,14.1,2.62,49.1,-3.0,0
1983-12-01,1983,12,Cantabria,9.8,0.61,51.6,-2.1,0
1984-01-01,1984,1,Cantabria,8.9,0.49,192.6,1.52,0
1984-02-01,1984,2,Cantabria,7.7,-1.4,160.1,2.24,0
1984-03-01,1984,3,Cantabria,8.3,-1.74,76.8,0.27,0
1984-04-01,1984,4,Cantabria,13.6,2.0,70.3,-2.29,0
1984-05-01,1984,5,Cantabria,11.6,-2.68,223.0,3.0,0
1984-06-01,1984,6,Cantabria,17.0,-0.07,89.1,0.49,0
1984-07-01,1984,7,Cantabria,19.5,0.17,43.6,-0.42,1
1984-08-01,1984,8,Cantabria,19.1,-0.37,69.3,0.3,0
1984-09-01,1984,9,Cantabria,17.4,-1.11,106.4,1.17,1
1984-10-01,1984,10,Cantabria,15.0,-0.63,147.5,1.23,0
1984-11-01,1984,11,Cantabria,12.5,0.97,149.5,-0.5,0
1984-12-01,1984,12,Cantabria,9.5,0.32,94.4,-0.86,0
1985-01-01,1985,1,Cantabria,6.2,-2.21,117.4,1.26,0
1985-02-01,1985,2,Cantabria,10.7,1.6,41.0,-2.54,0
1985-03-01,1985,3,Cantabria,9.2,-0.91,174.7,2.22,0
1985-04-01,1985,4,Cantabria,12.5,0.94,106.9,-0.74,0
1985-05-01,1985,5,Cantabria,13.4,-0.9,142.5,1.75,0
1985-06-01,1985,6,Cantabria,17.1,0.04,54.1,-0.45,0
1985-07-01,1985,7,Cantabria,19.9,0.59,104.6,0.85,1
1985-08-01,1985,8,Cantabria,18.9,-0.59,38.8,-0.33,0
1985-09-01,1985,9,Cantabria,20.2,1.64,9.3,-2.91,1
1985-10-01,1985,10,Cantabria,16.7,1.11,40.5,-2.49,0
1985-11-01,1985,11,Cantabria,10.2,-1.33,176.5,1.56,0
1985-12-01,1985,12,Cantabria,10.3,1.1,99.2,-1.2,0
1986-01-01,1986,1,Cantabria,8.7,0.36,211.5,2.07,0
1986-02-01,1986,2,Cantabria,7.8,-1.37,154.6,2.09,0
1986-03-01,1986,3,Cantabria,9.9,-0.18,89.7,-0.35,0
1986-04-01,1986,4,Cantabria,8.7,-2.89,158.3,2.85,0
1986-05-01,1986,5,Cantabria,14.5,0.2,35.7,-1.58,0
1986-06-01,1986,6,Cantabria,16.7,-0.42,37.1,-0.6,0
1986-07-01,1986,7,Cantabria,19.2,-0.16,15.3,-0.93,0
1986-08-01,1986,8,Cantabria,19.0,-0.55,61.0,0.2,0
1986-09-01,1986,9,Cantabria,18.4,-0.13,142.7,1.49,0
1986-10-01,1986,10,Cantabria,16.5,0.91,60.9,-1.86,0
1986-11-01,1986,11,Cantabria,11.4,-0.11,51.1,-2.31,0
1986-12-01,1986,12,Cantabria,9.9,0.71,128.0,-0.25,0
1987-01-01,1987,1,Cantabria,7.0,-1.4,91.8,0.13,0
1987-02-01,1987,2,Cantabria,8.6,-0.51,132.5,1.02,0
1987-03-01,1987,3,Cantabria,10.5,0.42,101.1,-0.42,0
1987-04-01,1987,4,Cantabria,13.9,2.27,61.2,-2.68,0
1987-05-01,1987,5,Cantabria,13.6,-0.68,23.8,-1.35,0
1987-06-01,1987,6,Cantabria,16.8,-0.3,102.1,0.96,0
1987-07-01,1987,7,Cantabria,19.3,-0.07,55.2,0.02,0
1987-08-01,1987,8,Cantabria,20.4,0.89,68.3,-0.48,1
1987-09-01,1987,9,Cantabria,20.9,2.42,91.7,-1.31,4
1987-10-01,1987,10,Cantabria,15.7,0.09,129.3,0.34,0
1987-11-01,1987,11,Cantabria,11.7,0.22,175.3,0.6,0
1987-12-01,1987,12,Cantabria,11.2,2.03,32.2,-3.0,0
1988-01-01,1988,1,Cantabria,10.5,2.08,161.1,-0.22,0
1988-02-01,1988,2,Cantabria,9.3,0.13,122.2,0.38,0
1988-03-01,1988,3,Cantabria,9.9,-0.21,104.3,0.04,0
1988-04-01,1988,4,Cantabria,12.7,1.07,141.5,0.05,0
1988-05-01,1988,5,Cantabria,15.1,0.76,60.8,-1.29,0
1988-06-01,1988,6,Cantabria,17.3,0.24,76.6,-0.0,0
1988-07-01,1988,7,Cantabria,18.5,-0.84,103.9,1.69,0
1988-08-01,1988,8,Cantabria,19.4,-0.07,86.8,0.56,1
1988-09-01,1988,9,Cantabria,18.1,-0.37,84.2,0.17,2
1988-10-01,1988,10,Cantabria,16.3,0.74,21.1,-2.75,0
1988-11-01,1988,11,Cantabria,12.6,1.12,13.3,-3.0,0
1988-12-01,1988,12,Cantabria,8.9,-0.29,71.6,-1.06,0
1989-01-01,1989,1,Cantabria,8.0,-0.38,45.3,-1.64,0
1989-02-01,1989,2,Cantabria,9.3,0.21,121.2,0.3,0
1989-03-01,1989,3,Cantabria,11.8,1.77,75.7,-1.87,0
1989-04-01,1989,4,Cantabria,10.8,-0.84,211.6,2.95,0
1989-05-01,1989,5,Cantabria,17.0,2.7,21.8,-3.0,0
1989-06-01,1989,6,Cantabria,18.8,1.74,15.4,-2.43,0
1989-07-01,1989,7,Cantabria,21.2,1.86,38.1,-1.57,3
1989-08-01,1989,8,Cantabria,21.0,1.48,21.2,-2.01,0
1989-09-01,1989,9,Cantabria,18.4,-0.16,44.3,-0.95,0
1989-10-01,1989,10,Cantabria,16.8,1.24,35.4,-2.69,0
1989-11-01,1989,11,Cantabria,13.8,2.28,114.5,-2.16,0
1989-12-01,1989,12,Cantabria,13.1,3.93,38.2,-3.0,0
1990-01-01,1990,1,Cantabria,8.9,0.56,74.7,-1.47,0
1990-02-01,1990,2,Cantabria,12.8,3.64,34.0,-3.0,0
1990-03-01,1990,3,Cantabria,12.1,2.01,32.9,-3.0,0
1990-04-01,1990,4,Cantabria,11.5,-0.09,261.5,3.0,0
1990-05-01,1990,5,Cantabria,17.0,2.65,58.2,-2.49,0
1990-06-01,1990,6,Cantabria,17.4,0.26,44.1,-0.83,0
1990-07-01,1990,7,Cantabria,21.0,1.69,37.9,-1.47,5
1990-08-01,1990,8,Cantabria,21.6,2.09,28.1,-2.2,2
1990-09-01,1990,9,Cantabria,19.8,1.3,23.3,-2.35,1
1990-10-01,1990,10,Cantabria,16.5,0.87,135.8,0.04,0
1990-11-01,1990,11,Cantabria,11.2,-0.26,168.0,0.7,0
1990-12-01,1990,12,Cantabria,7.2,-1.96,109.5,0.89,0
1991-01-01,1991,1,Cantabria,8.2,-0.15,72.6,-1.1,0
1991-02-01,1991,2,Cantabria,7.6,-1.58,80.1,0.35,0
1991-03-01,1991,3,Cantabria,11.4,1.33,117.2,-0.57,0
1991-04-01,1991,4,Cantabria,10.7,-0.93,132.9,1.04,0
1991-05-01,1991,5,Cantabria,13.3,-1.03,164.5,2.38,0
1991-06-01,1991,6,Cantabria,16.7,-0.41,28.7,-0.81,0
1991-07-01,1991,7,Cantabria,19.8,0.49,44.5,-0.59,0
1991-08-01,1991,8,Cantabria,21.6,2.08,16.1,-2.5,1
1991-09-01,1991,9,Cantabria,20.4,1.9,118.5,-0.33,0
1991-10-01,1991,10,Cantabria,13.5,-2.1,84.3,0.53,0
1991-11-01,1991,11,Cantabria,11.5,-0.05,203.1,1.45,0
1991-12-01,1991,12,Cantabria,8.7,-0.42,14.5,-2.41,0
1992-01-01,1992,1,Cantabria,6.6,-1.76,44.9,-0.82,0
1992-02-01,1992,2,Cantabria,8.1,-1.03,20.5,-1.47,0
1992-03-01,1992,3,Cantabria,10.0,-0.05,140.1,0.84,0
1992-04-01,1992,4,Cantabria,11.5,-0.06,125.9,0.34,0
1992-05-01,1992,5,Cantabria,16.6,2.25,61.8,-2.16,0
1992-06-01,1992,6,Cantabria,15.8,-1.31,194.5,3.0,0
1992-07-01,1992,7,Cantabria,20.0,0.62,55.7,-0.39,0
1992-08-01,1992,8,Cantabria,20.8,1.26,104.0,0.19,2
1992-09-01,1992,9,Cantabria,17.7,-0.84,97.6,0.79,0
1992-10-01,1992,10,Cantabria,13.1,-2.47,354.1,3.0,0
1992-11-01,1992,11,Cantabria,13.4,1.93,97.1,-2.38,0
1992-12-01,1992,12,Cantabria,10.1,0.98,133.8,-0.27,0
1993-01-01,1993,1,Cantabria,9.5,1.1,9.0,-3.0,0
1993-02-01,1993,2,Cantabria,8.5,-0.65,56.1,-0.81,0
1993-03-01,1993,3,Cantabria,10.5,0.4,61.5,-1.4,0
1993-04-01,1993,4,Cantabria,12.1,0.47,133.9,0.22,0
1993-05-01,1993,5,Cantabria,15.4,1.07,93.4,-0.66,0
1993-06-01,1993,6,Cantabria,17.9,0.76,82.9,-0.16,0
1993-07-01,1993,7,Cantabria,18.5,-0.85,72.7,0.92,1
1993-08-01,1993,8,Cantabria,19.9,0.43,89.9,0.34,5
1993-09-01,1993,9,Cantabria,16.8,-1.71,94.4,1.23,0
1993-10-01,1993,10,Cantabria,13.7,-1.92,107.9,1.01,0
1993-11-01,1993,11,Cantabria,10.4,-1.15,42.9,-1.89,0
1993-12-01,1993,12,Cantabria,10.8,1.64,190.1,0.74,0
1994-01-01,1994,1,Cantabria,8.9,0.52,135.1,0.07,0
1994-02-01,1994,2,Cantabria,9.6,0.45,63.6,-1.28,0
1994-03-01,1994,3,Cantabria,11.7,1.64,24.4,-3.0,0
1994-04-01,1994,4,Cantabria,11.1,-0.51,173.7,1.8,0
1994-05-01,1994,5,Cantabria,15.4,1.1,63.3,-1.43,0
1994-06-01,1994,6,Cantabria,17.4,0.33,45.8,-0.83,1
1994-07-01,1994,7,Cantabria,20.2,0.83,38.9,-0.93,0
1994-08-01,1994,8,Cantabria,20.5,0.97,26.6,-1.57,0
1994-09-01,1994,9,Cantabria,16.9,-1.65,150.3,2.59,0
1994-10-01,1994,10,Cantabria,15.6,0.02,99.1,-0.37,0
1994-11-01,1994,11,Cantabria,13.3,1.83,74.7,-2.88,0
1994-12-01,1994,12,Cantabria,10.8,1.7,129.9,-0.8,0
1995-01-01,1995,1,Cantabria,9.7,1.31,154.2,0.07,0
1995-02-01,1995,2,Cantabria,10.6,1.48,113.1,-0.66,0
1995-03-01,1995,3,Cantabria,10.5,0.45,106.9,-0.29,0
1995-04-01,1995,4,Cantabria,11.4,-0.17,58.2,-1.29,0
1995-05-01,1995,5,Cantabria,16.1,1.77,58.1,-1.96,0
1995-06-01,1995,6,Cantabria,17.5,0.44,21.5,-1.5,0
1995-07-01,1995,7,Cantabria,20.9,1.57,66.2,-0.69,2
1995-08-01,1995,8,Cantabria,20.5,0.97,47.7,-1.04,0
1995-09-01,1995,9,Cantabria,17.0,-1.47,93.8,1.07,0
1995-10-01,1995,10,Cantabria,18.0,2.34,27.8,-3.0,0
1995-11-01,1995,11,Cantabria,12.8,1.31,90.7,-2.17,0
1995-12-01,1995,12,Cantabria,10.2,1.02,104.2,-1.03,0
1996-01-01,1996,1,Cantabria,11.1,2.72,53.7,-3.0,0
1996-02-01,1996,2,Cantabria,7.8,-1.29,194.0,3.0,0
1996-03-01,1996,3,Cantabria,10.7,0.59,78.1,-1.1,0
1996-04-01,1996,4,Cantabria,12.3,0.72,78.0,-1.33,0
1996-05-01,1996,5,Cantabria,14.4,0.1,73.5,-0.58,0
1996-06-01,1996,6,Cantabria,18.2,1.05,70.9,-0.63,0
1996-07-01,1996,7,Cantabria,19.3,-0.01,77.9,0.55,0
1996-08-01,1996,8,Cantabria,19.0,-0.53,110.3,1.42,0
1996-09-01,1996,9,Cantabria,17.0,-1.53,112.4,1.57,0
1996-10-01,1996,10,Cantabria,15.1,-0.55,110.3,0.25,0
1996-11-01,1996,11,Cantabria,11.4,-0.14,244.8,2.55,0
1996-12-01,1996,12,Cantabria,9.6,0.45,153.5,0.54,0
1997-01-01,1997,1,Cantabria,8.9,0.48,122.7,-0.22,0
1997-02-01,1997,2,Cantabria,11.3,2.18,24.0,-3.0,0
1997-03-01,1997,3,Cantabria,12.5,2.43,14.4,-3.0,0
1997-04-01,1997,4,Cantabria,13.3,1.71,33.7,-3.0,0
1997-05-01,1997,5,Cantabria,16.6,2.25,138.6,-0.24,1
1997-06-01,1997,6,Cantabria,17.5,0.4,87.9,0.18,0
1997-07-01,1997,7,Cantabria,18.5,-0.79,79.6,1.06,0
1997-08-01,1997,8,Cantabria,21.1,1.59,98.9,-0.13,0
1997-09-01,1997,9,Cantabria,19.6,1.13,55.7,-1.44,0
1997-10-01,1997,10,Cantabria,17.8,2.19,63.4,-2.56,0
1997-11-01,1997,11,Cantabria,12.8,1.29,159.2,-0.45,0
1997-12-01,1997,12,Cantabria,10.3,1.14,113.1,-0.88,0
1998-01-01,1998,1,Cantabria,10.1,1.68,60.2,-2.5,0
1998-02-01,1998,2,Cantabria,10.7,1.58,59.3,-2.07,0
1998-03-01,1998,3,Cantabria,11.8,1.72,73.9,-1.88,0
1998-04-01,1998,4,Cantabria,11.6,-0.02,214.4,2.53,0
1998-05-01,1998,5,Cantabria,15.4,1.13,71.5,-1.24,0
1998-06-01,1998,6,Cantabria,18.0,0.9,35.7,-1.42,2
1998-07-01,1998,7,Cantabria,18.9,-0.41,50.6,0.1,0
1998-08-01,1998,8,Cantabria,20.7,1.15,26.6,-1.68,0
1998-09-01,1998,9,Cantabria,18.8,0.26,118.2,0.64,0
1998-10-01,1998,10,Cantabria,14.6,-1.04,213.1,3.0,0
1998-11-01,1998,11,Cantabria,11.2,-0.33,131.8,-0.16,0
1998-12-01,1998,12,Cantabria,8.9,-0.23,76.4,-0.98,0
1999-01-01,1999,1,Cantabria,9.1,0.73,101.9,-0.89,0
1999-02-01,1999,2,Cantabria,8.0,-1.11,112.9,0.89,0
1999-03-01,1999,3,Cantabria,11.0,0.89,101.5,-0.69,0
1999-04-01,1999,4,Cantabria,12.5,0.94,94.6,-1.04,0
1999-05-01,1999,5,Cantabria,16.3,1.97,98.4,-1.08,0
1999-06-01,1999,6,Cantabria,17.1,-0.0,61.6,-0.24,0
1999-07-01,1999,7,Cantabria,19.8,0.49,66.6,-0.04,0
1999-08-01,1999,8,Cantabria,20.6,1.09,30.1,-1.55,0
1999-09-01,1999,9,Cantabria,19.7,1.17,118.7,0.11,0
1999-10-01,1999,10,Cantabria,15.7,0.13,80.2,-0.91,0
1999-11-01,1999,11,Cantabria,10.5,-1.05,171.5,1.26,0
1999-12-01,1999,12,Cantabria,9.2,0.08,138.1,0.38,0
2000-01-01,2000,1,Cantabria,6.8,-1.6,35.6,-1.15,0
2000-02-01,2000,2,Cantabria,10.5,1.36,60.9,-1.9,0
2000-03-01,2000,3,Cantabria,9.9,-0.14,107.2,0.07,0
2000-04-01,2000,4,Cantabria,12.1,0.45,176.1,1.29,0
2000-05-01,2000,5,Cantabria,15.9,1.59,55.3,-1.92,0
2000-06-01,2000,6,Cantabria,18.2,1.14,41.9,-1.41,2
2000-07-01,2000,7,Cantabria,19.0,-0.33,69.8,0.54,0
2000-08-01,2000,8,Cantabria,20.1,0.61,49.1,-0.79,1
2000-09-01,2000,9,Cantabria,18.8,0.3,80.6,-0.32,0
2000-10-01,2000,10,Cantabria,14.6,-1.0,169.3,2.0,0
2000-11-01,2000,11,Cantabria,11.3,-0.2,174.0,0.82,0
2000-12-01,2000,12,Cantabria,11.8,2.62,92.8,-2.28,0
2001-01-01,2001,1,Cantabria,10.0,1.65,169.1,0.24,0
2001-02-01,2001,2,Cantabria,9.2,0.02,57.3,-1.18,0
2001-03-01,2001,3,Cantabria,13.3,3.22,160.8,-0.61,0
2001-04-01,2001,4,Cantabria,11.5,-0.09,105.6,-0.15,0
2001-05-01,2001,5,Cantabria,14.9,0.62,56.3,-1.32,0
2001-06-01,2001,6,Cantabria,17.8,0.74,40.4,-1.21,0
2001-07-01,2001,7,Cantabria,19.1,-0.22,94.4,1.09,0
2001-08-01,2001,8,Cantabria,20.7,1.14,49.8,-1.09,1
2001-09-01,2001,9,Cantabria,17.3,-1.2,55.8,-0.04,0
2001-10-01,2001,10,Cantabria,18.2,2.56,86.2,-2.22,0
2001-11-01,2001,11,Cantabria,10.0,-1.49,135.6,0.63,0
2001-12-01,2001,12,Cantabria,6.7,-2.42,38.3,-0.62,0
2002-01-01,2002,1,Cantabria,10.2,1.8,55.2,-2.7,0
2002-02-01,2002,2,Cantabria,10.5,1.35,92.0,-1.11,0
2002-03-01,2002,3,Cantabria,11.5,1.42,30.4,-2.79,0
2002-04-01,2002,4,Cantabria,12.0,0.39,75.4,-1.19,0
2002-05-01,2002,5,Cantabria,14.4,0.11,123.2,0.66,1
2002-06-01,2002,6,Cantabria,17.1,-0.05,55.7,-0.35,0
2002-07-01,2002,7,Cantabria,18.2,-1.12,54.8,0.64,0
2002-08-01,2002,8,Cantabria,18.6,-0.95,113.6,1.76,0
2002-09-01,2002,9,Cantabria,18.2,-0.33,86.3,0.2,0
2002-10-01,2002,10,Cantabria,16.4,0.82,108.0,-0.63,0
2002-11-01,2002,11,Cantabria,12.9,1.37,107.5,-1.79,0
2002-12-01,2002,12,Cantabria,11.7,2.55,152.6,-0.74,0
2003-01-01,2003,1,Cantabria,8.1,-0.3,171.8,1.47,0
2003-02-01,2003,2,Cantabria,8.5,-0.59,90.4,0.01,0
2003-03-01,2003,3,Cantabria,12.9,2.82,41.1,-3.0,0
2003-04-01,2003,4,Cantabria,13.9,2.31,46.6,-3.0,0
2003-05-01,2003,5,Cantabria,15.1,0.76,104.1,-0.21,0
2003-06-01,2003,6,Cantabria,20.0,2.88,46.1,-2.35,1
2003-07-01,2003,7,Cantabria,20.3,0.95,51.4,-0.69,0
2003-08-01,2003,8,Cantabria,23.2,3.7,59.1,-2.39,7
2003-09-01,2003,9,Cantabria,19.3,0.78,86.0,-0.47,1
2003-10-01,2003,10,Cantabria,14.5,-1.1,166.3,1.98,0
2003-11-01,2003,11,Cantabria,12.6,1.04,145.8,-0.63,0
2003-12-01,2003,12,Cantabria,9.7,0.51,114.2,-0.48,0
2004-01-01,2004,1,Cantabria,9.8,1.42,144.0,-0.25,0
2004-02-01,2004,2,Cantabria,8.3,-0.83,94.1,0.25,0
2004-03-01,2004,3,Cantabria,9.3,-0.75,124.9,0.88,0
2004-04-01,2004,4,Cantabria,11.3,-0.27,117.3,0.25,0
2004-05-01,2004,5,Cantabria,14.2,-0.13,106.7,0.39,0
2004-06-01,2004,6,Cantabria,19.0,1.88,25.9,-2.26,0
2004-07-01,2004,7,Cantabria,19.5,0.15,43.9,-0.4,0
2004-08-01,2004,8,Cantabria,20.7,1.23,87.4,-0.2,1
2004-09-01,2004,9,Cantabria,19.3,0.78,62.7,-1.05,0
2004-10-01,2004,10,Cantabria,16.6,1.0,117.8,-0.49,0
2004-11-01,2004,11,Cantabria,10.8,-0.7,112.5,-0.42,0
2004-12-01,2004,12,Cantabria,9.1,-0.02,137.9,0.43,0
2005-01-01,2005,1,Cantabria,8.1,-0.28,71.8,-1.04,0
2005-02-01,2005,2,Cantabria,6.2,-2.9,126.4,2.3,0
2005-03-01,2005,3,Cantabria,10.6,0.47,68.3,-1.27,0
2005-04-01,2005,4,Cantabria,12.2,0.6,148.7,0.51,0
2005-05-01,2005,5,Cantabria,15.5,1.18,76.6,-1.15,0
2005-06-01,2005,6,Cantabria,19.8,2.67,20.8,-2.86,2
2005-07-01,2005,7,Cantabria,20.5,1.2,60.5,-0.61,2
2005-08-01,2005,8,Cantabria,20.0,0.45,54.0,-0.57,1
2005-09-01,2005,9,Cantabria,18.5,-0.03,86.4,0.02,0
2005-10-01,2005,10,Cantabria,17.6,2.01,91.6,-1.75,0
2005-11-01,2005,11,Cantabria,11.3,-0.23,214.8,1.85,0
2005-12-01,2005,12,Cantabria,7.5,-1.68,120.2,0.99,0
2006-01-01,2006,1,Cantabria,7.3,-1.12,73.3,-0.5,0
2006-02-01,2006,2,Cantabria,6.9,-2.24,79.0,0.72,0
2006-03-01,2006,3,Cantabria,12.2,2.11,117.7,-1.02,0
2006-04-01,2006,4,Cantabria,12.5,0.87,52.3,-2.06,0
2006-05-01,2006,5,Cantabria,15.7,1.36,44.6,-2.05,0
2006-06-01,2006,6,Cantabria,19.0,1.93,26.7,-2.27,1
2006-07-01,2006,7,Cantabria,22.3,2.94,64.5,-1.56,2
2006-08-01,2006,8,Cantabria,19.3,-0.21,82.3,0.53,0
2006-09-01,2006,9,Cantabria,20.2,1.67,93.5,-0.82,0
2006-10-01,2006,10,Cantabria,18.1,2.51,91.4,-2.06,0
2006-11-01,2006,11,Cantabria,14.2,2.71,113.6,-2.44,0
2006-12-01,2006,12,Cantabria,9.0,-0.14,88.8,-0.72,0
2007-01-01,2007,1,Cantabria,9.3,0.9,102.9,-0.97,0
2007-02-01,2007,2,Cantabria,11.0,1.92,131.3,-0.47,0
2007-03-01,2007,3,Cantabria,10.1,0.01,227.9,2.99,0
2007-04-01,2007,4,Cantabria,13.4,1.75,106.4,-1.24,0
2007-05-01,2007,5,Cantabria,15.2,0.9,112.6,-0.08,0
2007-06-01,2007,6,Cantabria,18.0,0.85,81.7,-0.24,0
2007-07-01,2007,7,Cantabria,18.9,-0.42,53.2,0.18,0
2007-08-01,2007,8,Cantabria,19.0,-0.49,135.8,2.04,0
2007-09-01,2007,9,Cantabria,17.1,-1.4,40.9,-0.29,0
2007-10-01,2007,10,Cantabria,15.1,-0.53,83.7,-0.42,0
2007-11-01,2007,11,Cantabria,9.6,-1.93,53.6,-1.16,0
2007-12-01,2007,12,Cantabria,8.7,-0.45,57.5,-1.32,0
2008-01-01,2008,1,Cantabria,9.8,1.41,64.9,-2.22,0
2008-02-01,2008,2,Cantabria,11.1,1.96,46.3,-2.62,0
2008-03-01,2008,3,Cantabria,10.4,0.3,189.8,1.87,0
2008-04-01,2008,4,Cantabria,12.2,0.61,90.0,-0.96,0
2008-05-01,2008,5,Cantabria,15.4,1.09,188.6,1.71,0
2008-06-01,2008,6,Cantabria,17.2,0.12,120.4,1.16,0
2008-07-01,2008,7,Cantabria,19.1,-0.27,34.3,-0.39,0
2008-08-01,2008,8,Cantabria,19.4,-0.07,45.3,-0.48,0
2008-09-01,2008,9,Cantabria,17.3,-1.17,38.9,-0.48,0
2008-10-01,2008,10,Cantabria,14.5,-1.07,155.5,1.69,0
2008-11-01,2008,11,Cantabria,10.6,-0.89,221.8,2.43,0
2008-12-01,2008,12,Cantabria,8.3,-0.81,154.2,1.32,0
2009-01-01,2009,1,Cantabria,7.9,-0.44,162.0,1.31,0
2009-02-01,2009,2,Cantabria,7.8,-1.35,80.8,0.23,0
2009-03-01,2009,3,Cantabria,9.8,-0.31,114.0,0.34,0
2009-04-01,2009,4,Cantabria,11.2,-0.38,82.4,-0.56,0
2009-05-01,2009,5,Cantabria,14.9,0.6,45.1,-1.59,0
2009-06-01,2009,6,Cantabria,18.7,1.61,39.3,-1.76,0
2009-07-01,2009,7,Cantabria,19.9,0.57,33.8,-0.9,1
2009-08-01,2009,8,Cantabria,20.5,1.0,33.4,-1.42,1
2009-09-01,2009,9,Cantabria,18.5,-0.04,61.9,-0.58,0
2009-10-01,2009,10,Cantabria,16.7,1.09,71.3,-1.71,0
2009-11-01,2009,11,Cantabria,13.2,1.73,235.1,1.19,0
2009-12-01,2009,12,Cantabria,8.9,-0.25,96.0,-0.47,0
2010-01-01,2010,1,Cantabria,7.6,-0.8,174.9,1.85,0
2010-02-01,2010,2,Cantabria,8.0,-1.16,66.7,-0.24,0
2010-03-01,2010,3,Cantabria,10.2,0.16,54.5,-1.43,0
2010-04-01,2010,4,Cantabria,13.1,1.47,30.6,-2.96,0
2010-05-01,2010,5,Cantabria,14.0,-0.34,106.0,0.5,0
2010-06-01,2010,6,Cantabria,17.1,0.04,203.0,3.0,0
2010-07-01,2010,7,Cantabria,20.1,0.81,11.7,-1.6,0
2010-08-01,2010,8,Cantabria,20.1,0.55,29.7,-1.24,0
2010-09-01,2010,9,Cantabria,18.4,-0.15,49.9,-0.82,0
2010-10-01,2010,10,Cantabria,15.1,-0.55,109.5,0.23,0
2010-11-01,2010,11,Cantabria,10.7,-0.8,237.3,2.76,0
2010-12-01,2010,12,Cantabria,7.9,-1.23,108.9,0.44,0
2011-01-01,2011,1,Cantabria,8.6,0.2,54.1,-1.77,0
2011-02-01,2011,2,Cantabria,9.4,0.26,102.7,-0.19,0
2011-03-01,2011,3,Cantabria,10.8,0.69,84.1,-1.01,0
2011-04-01,2011,4,Cantabria,15.2,3.59,45.6,-3.0,0
2011-05-01,2011,5,Cantabria,16.6,2.25,49.8,-2.46,0
2011-06-01,2011,6,Cantabria,17.7,0.55,53.5,-0.77,2
2011-07-01,2011,7,Cantabria,18.3,-0.99,82.1,1.24,0
2011-08-01,2011,8,Cantabria,19.9,0.44,35.6,-1.03,2
2011-09-01,2011,9,Cantabria,19.9,1.4,24.6,-2.38,1
2011-10-01,2011,10,Cantabria,16.9,1.31,46.2,-2.47,0
2011-11-01,2011,11,Cantabria,13.9,2.4,86.7,-2.93,0
2011-12-01,2011,12,Cantabria,10.2,1.09,118.3,-0.72,0
2012-01-01,2012,1,Cantabria,8.9,0.55,80.0,-1.33,0
2012-02-01,2012,2,Cantabria,6.2,-2.92,99.5,1.64,0
2012-03-01,2012,3,Cantabria,11.1,1.04,43.1,-2.24,0
2012-04-01,2012,4,Cantabria,10.6,-1.02,244.3,3.0,0
2012-05-01,2012,5,Cantabria,15.7,1.43,63.4,-1.63,1
2012-06-01,2012,6,Cantabria,18.2,1.11,59.4,-0.96,1
2012-07-01,2012,7,Cantabria,19.0,-0.33,24.3,-0.6,0
2012-08-01,2012,8,Cantabria,21.4,1.87,15.0,-2.4,2
2012-09-01,2012,9,Cantabria,18.7,0.17,60.5,-0.74,0
2012-10-01,2012,10,Cantabria,15.8,0.2,115.1,-0.08,0
2012-11-01,2012,11,Cantabria,11.7,0.21,137.7,-0.34,0
2012-12-01,2012,12,Cantabria,10.4,1.25,91.1,-1.5,0
2013-01-01,2013,1,Cantabria,9.1,0.67,255.9,3.0,0
2013-02-01,2013,2,Cantabria,8.3,-0.78,232.9,3.0,0
2013-03-01,2013,3,Cantabria,10.7,0.64,115.0,-0.21,0
2013-04-01,2013,4,Cantabria,11.8,0.21,133.0,0.35,0
2013-05-01,2013,5,Cantabria,12.3,-2.02,151.6,2.65,0
2013-06-01,2013,6,Cantabria,15.7,-1.4,130.0,2.31,0
2013-07-01,2013,7,Cantabria,21.7,2.34,35.5,-1.92,1
2013-08-01,2013,8,Cantabria,19.9,0.41,44.2,-0.79,0
2013-09-01,2013,9,Cantabria,19.1,0.59,43.5,-1.42,0
2013-10-01,2013,10,Cantabria,17.5,1.91,40.5,-2.97,0
2013-11-01,2013,11,Cantabria,11.4,-0.13,226.9,2.1,0
2013-12-01,2013,12,Cantabria,9.3,0.14,90.4,-0.85,0
2014-01-01,2014,1,Cantabria,10.5,2.14,192.0,0.52,0
2014-02-01,2014,2,Cantabria,9.6,0.47,120.4,0.13,0
2014-03-01,2014,3,Cantabria,11.0,0.89,168.3,0.98,0
2014-04-01,2014,4,Cantabria,13.5,1.93,73.2,-2.17,0
2014-05-01,2014,5,Cantabria,14.0,-0.36,60.8,-0.62,0
2014-06-01,2014,6,Cantabria,18.4,1.27,38.3,-1.58,0
2014-07-01,2014,7,Cantabria,19.4,0.06,55.8,-0.05,0
2014-08-01,2014,8,Cantabria,19.6,0.05,52.9,-0.36,0
2014-09-01,2014,9,Cantabria,20.5,1.97,37.0,-2.41,0
2014-10-01,2014,10,Cantabria,18.4,2.83,66.1,-2.88,0
2014-11-01,2014,11,Cantabria,13.7,2.17,132.3,-1.65,0
2014-12-01,2014,12,Cantabria,9.5,0.4,167.6,0.93,0
2015-01-01,2015,1,Cantabria,8.3,-0.1,214.2,2.41,0
2015-02-01,2015,2,Cantabria,7.4,-1.74,283.9,3.0,0
2015-03-01,2015,3,Cantabria,9.9,-0.16,124.6,0.51,0
2015-04-01,2015,4,Cantabria,13.7,2.09,66.3,-2.44,0
2015-05-01,2015,5,Cantabria,15.4,1.12,50.3,-1.77,0
2015-06-01,2015,6,Cantabria,18.4,1.25,42.9,-1.45,0
2015-07-01,2015,7,Cantabria,20.9,1.59,34.5,-1.5,1
2015-08-01,2015,8,Cantabria,20.6,1.11,70.9,-0.54,2
2015-09-01,2015,9,Cantabria,17.2,-1.35,58.7,0.12,0
2015-10-01,2015,10,Cantabria,16.0,0.39,65.0,-1.44,0
2015-11-01,2015,11,Cantabria,13.8,2.32,124.7,-1.93,0
2015-12-01,2015,12,Cantabria,12.5,3.32,21.2,-3.0,0
2016-01-01,2016,1,Cantabria,10.6,2.24,131.6,-1.05,0
2016-02-01,2016,2,Cantabria,9.4,0.26,239.0,3.0,0
2016-03-01,2016,3,Cantabria,9.7,-0.35,195.9,2.41,0
2016-04-01,2016,4,Cantabria,11.7,0.11,90.9,-0.64,0
2016-05-01,2016,5,Cantabria,15.3,1.0,78.7,-0.99,0
2016-06-01,2016,6,Cantabria,17.8,0.67,76.2,-0.27,0
2016-07-01,2016,7,Cantabria,20.1,0.74,22.4,-1.29,1
2016-08-01,2016,8,Cantabria,21.2,1.68,20.9,-2.14,1
2016-09-01,2016,9,Cantabria,19.8,1.27,101.1,-0.39,1
2016-10-01,2016,10,Cantabria,15.9,0.31,42.5,-1.96,0
2016-11-01,2016,11,Cantabria,11.6,0.08,170.9,0.57,0
2016-12-01,2016,12,Cantabria,10.8,1.61,23.1,-3.0,0
2017-01-01,2017,1,Cantabria,8.1,-0.26,124.7,0.27,0
2017-02-01,2017,2,Cantabria,11.0,1.84,96.7,-1.29,0
2017-03-01,2017,3,Cantabria,12.1,2.01,99.2,-1.42,0
2017-04-01,2017,4,Cantabria,12.5,0.89,63.4,-1.79,0
2017-05-01,2017,5,Cantabria,16.5,2.19,72.3,-1.86,0
2017-06-01,2017,6,Cantabria,19.0,1.94,86.0,-0.79,2
2017-07-01,2017,7,Cantabria,19.5,0.13,49.3,-0.25,0
2017-08-01,2017,8,Cantabria,20.2,0.65,71.8,-0.25,0
2017-09-01,2017,9,Cantabria,17.5,-0.99,153.7,2.28,0
2017-10-01,2017,10,Cantabria,16.9,1.25,23.2,-3.0,0
2017-11-01,2017,11,Cantabria,12.3,0.79,178.4,0.33,0
2017-12-01,2017,12,Cantabria,9.6,0.43,275.2,3.0,0
2018-01-01,2018,1,Cantabria,10.5,2.1,196.0,0.64,0
2018-02-01,2018,2,Cantabria,7.6,-1.56,242.4,3.0,0
2018-03-01,2018,3,Cantabria,10.6,0.55,187.1,1.65,0
2018-04-01,2018,4,Cantabria,13.6,2.03,129.5,-0.83,0
2018-05-01,2018,5,Cantabria,14.4,0.1,91.3,-0.13,0
2018-06-01,2018,6,Cantabria,18.0,0.86,91.0,-0.02,0
2018-07-01,2018,7,Cantabria,20.8,1.47,129.4,0.95,0
2018-08-01,2018,8,Cantabria,20.7,1.22,69.8,-0.64,1
2018-09-01,2018,9,Cantabria,19.6,1.12,54.7,-1.46,0
2018-10-01,2018,10,Cantabria,15.3,-0.31,130.2,0.61,0
2018-11-01,2018,11,Cantabria,12.9,1.36,106.3,-1.81,0
2018-12-01,2018,12,Cantabria,11.9,2.72,45.9,-3.0,0
2019-01-01,2019,1,Cantabria,8.5,0.15,212.2,2.21,0
2019-02-01,2019,2,Cantabria,11.3,2.17,57.5,-2.47,0
2019-03-01,2019,3,Cantabria,11.3,1.23,66.5,-1.77,0
2019-04-01,2019,4,Cantabria,12.5,0.87,113.5,-0.53,0
2019-05-01,2019,5,Cantabria,13.9,-0.42,107.6,0.59,0
2019-06-01,2019,6,Cantabria,16.9,-0.16,68.6,0.04,0
2019-07-01,2019,7,Cantabria,20.3,0.93,80.4,0.05,0
2019-08-01,2019,8,Cantabria,20.5,1.03,66.7,-0.6,1
2019-09-01,2019,9,Cantabria,18.8,0.34,92.5,-0.05,0
2019-10-01,2019,10,Cantabria,16.8,1.17,206.6,1.63,0
2019-11-01,2019,11,Cantabria,12.2,0.65,358.1,3.0,0
2019-12-01,2019,12,Cantabria,11.6,2.44,157.9,-0.54,0
2020-01-01,2020,1,Cantabria,10.3,1.94,50.7,-2.9,0
2020-02-01,2020,2,Cantabria,12.3,3.19,77.4,-2.58,0
2020-03-01,2020,3,Cantabria,11.0,0.87,132.8,0.1,0
2020-04-01,2020,4,Cantabria,14.4,2.85,98.1,-2.1,0
2020-05-01,2020,5,Cantabria,17.1,2.78,51.3,-2.74,0
2020-06-01,2020,6,Cantabria,17.4,0.32,99.1,0.51,0
2020-07-01,2020,7,Cantabria,20.1,0.77,36.3,-0.96,1
2020-08-01,2020,8,Cantabria,20.9,1.35,118.8,0.51,1
2020-09-01,2020,9,Cantabria,19.1,0.57,118.8,0.47,0
2020-10-01,2020,10,Cantabria,15.2,-0.39,245.9,3.0,0
2020-11-01,2020,11,Cantabria,14.4,2.89,47.3,-3.0,0
2020-12-01,2020,12,Cantabria,10.9,1.77,225.6,1.55,0
2021-01-01,2021,1,Cantabria,8.8,0.37,172.9,1.1,0
2021-02-01,2021,2,Cantabria,12.8,3.71,142.3,-1.27,0
2021-03-01,2021,3,Cantabria,11.5,1.37,67.4,-1.83,0
2021-04-01,2021,4,Cantabria,12.6,0.97,60.2,-1.92,0
2021-05-01,2021,5,Cantabria,14.2,-0.1,107.0,0.38,0
2021-06-01,2021,6,Cantabria,17.7,0.57,109.9,0.63,0
2021-07-01,2021,7,Cantabria,18.7,-0.59,108.0,1.65,0
2021-08-01,2021,8,Cantabria,19.2,-0.26,45.5,-0.36,0
2021-09-01,2021,9,Cantabria,19.5,1.03,143.2,0.81,2
2021-10-01,2021,10,Cantabria,16.0,0.38,99.3,-0.58,0
2021-11-01,2021,11,Cantabria,11.0,-0.49,313.2,3.0,0
2021-12-01,2021,12,Cantabria,12.0,2.88,238.3,1.2,0
2022-01-01,2022,1,Cantabria,9.0,0.63,116.1,-0.48,0
2022-02-01,2022,2,Cantabria,10.3,1.18,55.7,-1.92,0
2022-03-01,2022,3,Cantabria,12.3,2.2,137.0,-0.59,0
2022-04-01,2022,4,Cantabria,12.2,0.63,131.5,0.06,0
2022-05-01,2022,5,Cantabria,16.2,1.92,51.7,-2.21,0
2022-06-01,2022,6,Cantabria,18.7,1.64,77.5,-0.82,3
2022-07-01,2022,7,Cantabria,21.6,2.23,20.6,-2.23,3
2022-08-01,2022,8,Cantabria,21.7,2.14,67.3,-1.25,2
2022-09-01,2022,9,Cantabria,19.1,0.54,148.2,1.23,2
2022-10-01,2022,10,Cantabria,19.3,3.69,22.5,-3.0,0
2022-11-01,2022,11,Cantabria,13.9,2.42,175.1,-0.73,0
2022-12-01,2022,12,Cantabria,12.7,3.53,97.1,-2.72,0
2023-01-01,2023,1,Cantabria,9.4,1.02,285.2,3.0,0
2023-02-01,2023,2,Cantabria,9.0,-0.08,85.9,-0.41,0
2023-03-01,2023,3,Cantabria,13.3,3.17,77.3,-2.67,0
2023-04-01,2023,4,Cantabria,13.4,1.84,75.0,-2.07,0
2023-05-01,2023,5,Cantabria,15.7,1.37,107.2,-0.5,1
2023-06-01,2023,6,Cantabria,20.2,3.06,72.5,-1.8,0
2023-07-01,2023,7,Cantabria,20.3,0.99,57.0,-0.58,0
2023-08-01,2023,8,Cantabria,21.0,1.53,106.8,0.1,2
2023-09-01,2023,9,Cantabria,20.9,2.36,90.6,-1.31,0
2023-10-01,2023,10,Cantabria,18.8,3.17,106.6,-2.07,1
2023-11-01,2023,11,Cantabria,14.1,2.61,234.8,0.65,0
2023-12-01,2023,12,Cantabria,11.2,2.02,129.4,-1.0,0
2024-01-01,2024,1,Cantabria,10.8,2.45,102.1,-1.92,0
2024-02-01,2024,2,Cantabria,11.9,2.78,145.8,-0.62,0
2024-03-01,2024,3,Cantabria,11.9,1.82,110.2,-1.03,0
2024-04-01,2024,4,Cantabria,13.5,1.94,69.1,-2.28,0
2024-05-01,2024,5,Cantabria,14.5,0.24,105.4,0.14,0
2024-06-01,2024,6,Cantabria,17.6,0.47,69.7,-0.32,0
2024-07-01,2024,7,Cantabria,20.3,0.93,48.7,-0.75,1
2024-08-01,2024,8,Cantabria,21.1,1.61,58.3,-1.16,1
2024-09-01,2024,9,Cantabria,17.2,-1.26,155.3,2.48,0
2024-10-01,2024,10,Cantabria,17.1,1.47,195.9,1.18,0
2024-11-01,2024,11,Cantabria,14.7,3.15,133.2,-2.21,0
2024-12-01,2024,12,Cantabria,10.7,1.54,137.6,-0.51,0
1961-01-01,1961,1,Comunitat Valenciana,9.2,-0.52,15.4,-0.11,0
1961-02-01,1961,2,Comunitat Valenciana,12.5,1.72,3.2,-1.65,0
1961-03-01,1961,3,Comunitat Valenciana,12.8,0.24,7.9,-0.95,0
1961-04-01,1961,4,Comunitat Valenciana,18.4,3.52,1.8,-3.0,0
1961-05-01,1961,5,Comunitat Valenciana,20.7,2.47,59.9,-0.97,2
1961-06-01,1961,6,Comunitat Valenciana,22.4,0.4,10.8,-0.62,1
1961-07-01,1961,7,Comunitat Valenciana,25.5,0.3,2.8,-0.43,3
1961-08-01,1961,8,Comunitat Valenciana,24.6,-0.39,6.8,-0.26,1
1961-09-01,1961,9,Comunitat Valenciana,23.2,0.62,47.6,-0.58,0
1961-10-01,1961,10,Comunitat Valenciana,18.3,0.08,74.6,0.19,0
1961-11-01,1961,11,Comunitat Valenciana,12.9,-0.59,71.3,0.82,0
1961-12-01,1961,12,Comunitat Valenciana,11.7,1.18,16.1,-1.21,0
1962-01-01,1962,1,Comunitat Valenciana,10.2,0.42,16.7,-0.64,0
1962-02-01,1962,2,Comunitat Valenciana,10.2,-0.55,22.8,0.2,0
1962-03-01,1962,3,Comunitat Valenciana,12.1,-0.46,81.2,1.31,0
1962-04-01,1962,4,Comunitat Valenciana,14.8,-0.09,34.4,-0.1,0
1962-05-01,1962,5,Comunitat Valenciana,18.5,0.18,97.3,1.34,0
1962-06-01,1962,6,Comunitat Valenciana,21.2,-0.8,12.1,0.13,0
1962-07-01,1962,7,Comunitat Valenciana,25.3,0.14,5.9,-0.26,1
1962-08-01,1962,8,Comunitat Valenciana,26.2,1.17,13.6,-1.03,7
1962-09-01,1962,9,Comunitat Valenciana,24.1,1.58,46.6,-1.19,4
1962-10-01,1962,10,Comunitat Valenciana,19.0,0.73,121.3,0.97,0
1962-11-01,1962,11,Comunitat Valenciana,11.4,-2.04,57.4,1.35,0
1962-12-01,1962,12,Comunitat Valenciana,8.9,-1.62,18.7,0.54,0
1963-01-01,1963,1,Comunitat Valenciana,9.0,-0.73,44.0,0.73,0
1963-02-01,1963,2,Comunitat Valenciana,8.8,-2.0,44.8,1.62,0
1963-03-01,1963,3,Comunitat Valenciana,12.9,0.37,3.4,-1.14,0
1963-04-01,1963,4,Comunitat Valenciana,14.9,-0.02,27.6,-0.31,0
1963-05-01,1963,5,Comunitat Valenciana,18.0,-0.24,18.4,-0.38,0
1963-06-01,1963,6,Comunitat Valenciana,22.8,0.76,5.8,-0.96,1
1963-07-01,1963,7,Comunitat Valenciana,25.6,0.46,9.1,-0.37,4
1963-08-01,1963,8,Comunitat Valenciana,24.7,-0.34,28.5,0.25,4
1963-09-01,1963,9,Comunitat Valenciana,20.8,-1.77,115.4,2.54,0
1963-10-01,1963,10,Comunitat Valenciana,18.0,-0.19,10.5,-1.25,0
1963-11-01,1963,11,Comunitat Valenciana,15.3,1.82,15.8,-2.01,0
1963-12-01,1963,12,Comunitat Valenciana,9.2,-1.25,75.0,1.72,0
1964-01-01,1964,1,Comunitat Valenciana,8.2,-1.59,12.0,0.45,0
1964-02-01,1964,2,Comunitat Valenciana,11.3,0.55,25.0,-0.4,0
1964-03-01,1964,3,Comunitat Valenciana,13.3,0.71,27.4,-0.74,0
1964-04-01,1964,4,Comunitat Valenciana,14.7,-0.21,18.4,-0.43,0
1964-05-01,1964,5,Comunitat Valenciana,21.2,2.97,2.8,-2.7,0
1964-06-01,1964,6,Comunitat Valenciana,23.4,1.37,24.7,-0.86,1
1964-07-01,1964,7,Comunitat Valenciana,26.3,1.11,9.1,-0.76,13
1964-08-01,1964,8,Comunitat Valenciana,26.0,0.94,6.0,-1.08,8
1964-09-01,1964,9,Comunitat Valenciana,24.4,1.87,11.8,-2.23,2
1964-10-01,1964,10,Comunitat Valenciana,18.1,-0.18,19.3,-1.03,1
1964-11-01,1964,11,Comunitat Valenciana,13.0,-0.53,37.0,-0.07,0
1964-12-01,1964,12,Comunitat Valenciana,9.2,-1.29,126.4,3.0,0
1965-01-01,1965,1,Comunitat Valenciana,8.7,-1.04,15.9,0.22,0
1965-02-01,1965,2,Comunitat Valenciana,7.6,-3.15,28.0,1.89,0
1965-03-01,1965,3,Comunitat Valenciana,12.7,0.18,27.4,-0.42,0
1965-04-01,1965,4,Comunitat Valenciana,15.3,0.42,21.6,-0.73,0
1965-05-01,1965,5,Comunitat Valenciana,20.0,1.75,12.5,-1.72,1
1965-06-01,1965,6,Comunitat Valenciana,23.2,1.21,17.9,-0.93,4
1965-07-01,1965,7,Comunitat Valenciana,25.7,0.48,11.1,-0.33,7
1965-08-01,1965,8,Comunitat Valenciana,25.0,-0.05,28.0,0.06,4
1965-09-01,1965,9,Comunitat Valenciana,21.0,-1.56,32.9,0.36,0
1965-10-01,1965,10,Comunitat Valenciana,18.3,0.03,126.3,1.52,0
1965-11-01,1965,11,Comunitat Valenciana,13.8,0.26,30.5,-0.71,0
1965-12-01,1965,12,Comunitat Valenciana,11.5,1.04,16.1,-1.12,0
1966-01-01,1966,1,Comunitat Valenciana,12.2,2.48,15.3,-1.91,0
1966-02-01,1966,2,Comunitat Valenciana,13.2,2.45,18.5,-1.71,0
1966-03-01,1966,3,Comunitat Valenciana,12.2,-0.34,0.9,-0.77,0
1966-04-01,1966,4,Comunitat Valenciana,17.3,2.38,30.2,-1.69,0
1966-05-01,1966,5,Comunitat Valenciana,19.6,1.3,17.5,-1.33,0
1966-06-01,1966,6,Comunitat Valenciana,23.6,1.62,17.3,-1.19,5
1966-07-01,1966,7,Comunitat Valenciana,24.6,-0.59,21.9,0.58,3
1966-08-01,1966,8,Comunitat Valenciana,25.6,0.54,12.6,-0.68,6
1966-09-01,1966,9,Comunitat Valenciana,23.4,0.88,23.9,-1.33,2
1966-10-01,1966,10,Comunitat Valenciana,18.1,-0.16,115.8,1.37,0
1966-11-01,1966,11,Comunitat Valenciana,11.3,-2.15,23.4,0.56,0
1966-12-01,1966,12,Comunitat Valenciana,10.9,0.41,0.6,-1.13,0
1967-01-01,1967,1,Comunitat Valenciana,8.7,-1.02,27.9,0.5,0
1967-02-01,1967,2,Comunitat Valenciana,10.3,-0.5,97.9,2.05,0
1967-03-01,1967,3,Comunitat Valenciana,13.5,0.94,29.4,-0.83,0
1967-04-01,1967,4,Comunitat Valenciana,13.9,-1.0,62.3,1.14,0
1967-05-01,1967,5,Comunitat Valenciana,18.6,0.29,22.4,-0.6,1
1967-06-01,1967,6,Comunitat Valenciana,20.4,-1.59,51.9,1.6,1
1967-07-01,1967,7,Comunitat Valenciana,25.9,0.66,1.4,-0.68,6
1967-08-01,1967,8,Comunitat Valenciana,25.0,-0.05,42.1,0.41,4
1967-09-01,1967,9,Comunitat Valenciana,22.1,-0.43,26.7,-0.48,0
1967-10-01,1967,10,Comunitat Valenciana,19.9,1.7,70.0,-0.89,0
1967-11-01,1967,11,Comunitat Valenciana,14.3,0.83,221.1,3.0,0
1967-12-01,1967,12,Comunitat Valenciana,8.6,-1.92,3.1,0.33,0
1968-01-01,1968,1,Comunitat Valenciana,9.5,-0.21,14.1,-0.33,0
1968-02-01,1968,2,Comunitat Valenciana,10.8,0.0,29.9,0.05,0
1968-03-01,1968,3,Comunitat Valenciana,10.9,-1.6,70.4,1.72,0
1968-04-01,1968,4,Comunitat Valenciana,14.3,-0.54,31.8,0.1,0
1968-05-01,1968,5,Comunitat Valenciana,18.4,0.1,33.9,-0.2,0
1968-06-01,1968,6,Comunitat Valenciana,21.7,-0.32,50.4,0.8,1
1968-07-01,1968,7,Comunitat Valenciana,25.5,0.28,9.1,-0.26,5
1968-08-01,1968,8,Comunitat Valenciana,24.7,-0.34,41.6,0.58,6
1968-09-01,1968,9,Comunitat Valenciana,23.3,0.74,12.9,-1.52,4
1968-10-01,1968,10,Comunitat Valenciana,20.3,2.09,9.7,-2.63,0
1968-11-01,1968,11,Comunitat Valenciana,14.4,0.88,85.1,0.29,0
1968-12-01,1968,12,Comunitat Valenciana,11.2,0.75,40.0,-0.35,0
1969-01-01,1969,1,Comunitat Valenciana,10.0,0.28,58.7,0.49,0
1969-02-01,1969,2,Comunitat Valenciana,8.8,-1.94,44.9,1.59,0
1969-03-01,1969,3,Comunitat Valenciana,12.6,0.08,33.3,-0.22,0
1969-04-01,1969,4,Comunitat Valenciana,14.7,-0.17,70.6,0.85,0
1969-05-01,1969,5,Comunitat Valenciana,18.6,0.33,44.2,-0.08,0
1969-06-01,1969,6,Comunitat Valenciana,21.1,-0.88,29.0,0.6,0
1969-07-01,1969,7,Comunitat Valenciana,24.9,-0.27,7.8,0.03,4
1969-08-01,1969,8,Comunitat Valenciana,25.1,0.09,55.6,0.67,5
1969-09-01,1969,9,Comunitat Valenciana,20.1,-2.43,48.5,1.27,0
1969-10-01,1969,10,Comunitat Valenciana,17.5,-0.72,187.8,3.0,0
1969-11-01,1969,11,Comunitat Valenciana,12.7,-0.82,63.8,0.78,0
1969-12-01,1969,12,Comunitat Valenciana,9.4,-1.11,15.2,0.14,0
1970-01-01,1970,1,Comunitat Valenciana,11.1,1.37,60.0,-0.13,0
1970-02-01,1970,2,Comunitat Valenciana,11.3,0.52,4.8,-0.89,0
1970-03-01,1970,3,Comunitat Valenciana,11.4,-1.18,26.4,0.37,0
1970-04-01,1970,4,Comunitat Valenciana,15.0,0.13,17.3,-0.66,0
1970-05-01,1970,5,Comunitat Valenciana,18.6,0.31,16.1,-0.77,0
1970-06-01,1970,6,Comunitat Valenciana,23.2,1.15,17.5,-0.9,0
1970-07-01,1970,7,Comunitat Valenciana,25.3,0.1,16.5,0.03,5
1970-08-01,1970,8,Comunitat Valenciana,25.1,0.03,30.8,0.08,4
1970-09-01,1970,9,Comunitat Valenciana,23.8,1.23,11.0,-1.87,3
1970-10-01,1970,10,Comunitat Valenciana,17.3,-0.92,45.0,0.05,0
1970-11-01,1970,11,Comunitat Valenciana,14.7,1.21,11.6,-1.75,0
1970-12-01,1970,12,Comunitat Valenciana,8.4,-2.05,59.1,1.81,0
1971-01-01,1971,1,Comunitat Valenciana,9.0,-0.8,31.3,0.46,0
1971-02-01,1971,2,Comunitat Valenciana,10.5,-0.22,21.7,-0.03,0
1971-03-01,1971,3,Comunitat Valenciana,9.7,-2.79,155.1,3.0,0
1971-04-01,1971,4,Comunitat Valenciana,14.3,-0.6,54.7,0.71,0
1971-05-01,1971,5,Comunitat Valenciana,16.8,-1.45,121.9,2.93,0
1971-06-01,1971,6,Comunitat Valenciana,21.2,-0.77,20.4,0.32,0
1971-07-01,1971,7,Comunitat Valenciana,25.4,0.17,8.8,-0.21,5
1971-08-01,1971,8,Comunitat Valenciana,26.3,1.29,28.5,-0.73,10
1971-09-01,1971,9,Comunitat Valenciana,22.3,-0.23,63.0,0.31,0
1971-10-01,1971,10,Comunitat Valenciana,18.6,0.41,131.7,1.42,0
1971-11-01,1971,11,Comunitat Valenciana,11.7,-1.84,54.1,1.14,0
1971-12-01,1971,12,Comunitat Valenciana,9.8,-0.67,125.6,2.64,0
1972-01-01,1972,1,Comunitat Valenciana,8.6,-1.16,41.2,0.92,0
1972-02-01,1972,2,Comunitat Valenciana,10.6,-0.15,20.9,-0.09,0
1972-03-01,1972,3,Comunitat Valenciana,11.5,-1.03,58.5,1.08,0
1972-04-01,1972,4,Comunitat Valenciana,15.3,0.37,9.5,-1.0,0
1972-05-01,1972,5,Comunitat Valenciana,16.7,-1.56,58.9,1.42,0
1972-06-01,1972,6,Comunitat Valenciana,20.6,-1.43,54.9,1.58,0
1972-07-01,1972,7,Comunitat Valenciana,24.2,-1.03,63.2,1.87,1
1972-08-01,1972,8,Comunitat Valenciana,23.0,-2.07,106.3,3.0,0
1972-09-01,1972,9,Comunitat Valenciana,19.3,-3.26,266.3,3.0,0
1972-10-01,1972,10,Comunitat Valenciana,16.2,-2.07,110.8,2.39,0
1972-11-01,1972,11,Comunitat Valenciana,14.5,0.99,213.9,3.0,0
1972-12-01,1972,12,Comunitat Valenciana,9.9,-0.62,23.6,0.06,0
1973-01-01,1973,1,Comunitat Valenciana,9.4,-0.34,13.7,-0.26,0
1973-02-01,1973,2,Comunitat Valenciana,9.4,-1.38,3.5,0.22,0
1973-03-01,1973,3,Comunitat Valenciana,10.4,-2.18,66.0,1.96,0
1973-04-01,1973,4,Comunitat Valenciana,13.4,-1.44,29.2,0.58,0
1973-05-01,1973,5,Comunitat Valenciana,18.7,0.44,22.9,-0.68,0
1973-06-01,1973,6,Comunitat Valenciana,21.6,-0.42,88.3,1.81,0
1973-07-01,1973,7,Comunitat Valenciana,25.2,0.05,26.2,0.3,5
1973-08-01,1973,8,Comunitat Valenciana,24.9,-0.17,47.1,0.61,0
1973-09-01,1973,9,Comunitat Valenciana,22.8,0.24,35.8,-0.65,3
1973-10-01,1973,10,Comunitat Valenciana,17.2,-1.05,22.4,-0.43,0
1973-11-01,1973,11,Comunitat Valenciana,13.5,-0.01,32.2,-0.5,0
1973-12-01,1973,12,Comunitat Valenciana,10.0,-0.51,60.7,0.92,0
1974-01-01,1974,1,Comunitat Valenciana,10.8,1.07,4.1,-1.34,0
1974-02-01,1974,2,Comunitat Valenciana,10.6,-0.13,35.2,0.26,0
1974-03-01,1974,3,Comunitat Valenciana,12.4,-0.1,93.5,1.4,0
1974-04-01,1974,4,Comunitat Valenciana,13.4,-1.54,94.6,2.27,0
1974-05-01,1974,5,Comunitat Valenciana,18.9,0.6,21.7,-0.8,0
1974-06-01,1974,6,Comunitat Valenciana,22.5,0.45,30.0,-0.17,3
1974-07-01,1974,7,Comunitat Valenciana,25.6,0.4,38.5,0.4,11
1974-08-01,1974,8,Comunitat Valenciana,25.0,-0.05,68.1,1.06,3
1974-09-01,1974,9,Comunitat Valenciana,22.8,0.25,16.3,-1.14,2
1974-10-01,1974,10,Comunitat Valenciana,15.7,-2.57,60.7,1.44,0
1974-11-01,1974,11,Comunitat Valenciana,13.2,-0.24,2.5,-1.11,0
1974-12-01,1974,12,Comunitat Valenciana,10.7,0.23,1.0,-1.01,0
1975-01-01,1975,1,Comunitat Valenciana,10.9,1.13,6.7,-1.32,0
1975-02-01,1975,2,Comunitat Valenciana,11.0,0.23,44.5,0.27,0
1975-03-01,1975,3,Comunitat Valenciana,11.6,-0.91,94.8,1.92,0
1975-04-01,1975,4,Comunitat Valenciana,14.1,-0.82,15.4,-0.14,0
1975-05-01,1975,5,Comunitat Valenciana,16.7,-1.53,83.7,2.03,0
1975-06-01,1975,6,Comunitat Valenciana,21.4,-0.58,43.9,0.79,1
1975-07-01,1975,7,Comunitat Valenciana,26.1,0.88,2.1,-0.8,11
1975-08-01,1975,8,Comunitat Valenciana,25.5,0.48,45.6,0.18,7
1975-09-01,1975,9,Comunitat Valenciana,21.9,-0.68,27.0,-0.32,1
1975-10-01,1975,10,Comunitat Valenciana,17.8,-0.47,44.7,-0.22,0
1975-11-01,1975,11,Comunitat Valenciana,13.0,-0.49,19.7,-0.53,0
1975-12-01,1975,12,Comunitat Valenciana,9.5,-1.01,97.5,2.14,0
1976-01-01,1976,1,Comunitat Valenciana,8.6,-1.18,17.6,0.34,0
1976-02-01,1976,2,Comunitat Valenciana,10.2,-0.59,55.9,1.05,0
1976-03-01,1976,3,Comunitat Valenciana,12.1,-0.47,7.2,-0.54,0
1976-04-01,1976,4,Comunitat Valenciana,13.5,-1.42,65.1,1.46,0
1976-05-01,1976,5,Comunitat Valenciana,17.6,-0.71,61.6,0.98,0
1976-06-01,1976,6,Comunitat Valenciana,23.2,1.2,16.9,-0.95,2
1976-07-01,1976,7,Comunitat Valenciana,25.3,0.11,28.4,0.32,2
1976-08-01,1976,8,Comunitat Valenciana,24.3,-0.7,61.1,1.28,1
1976-09-01,1976,9,Comunitat Valenciana,21.8,-0.75,17.6,-0.51,0
1976-10-01,1976,10,Comunitat Valenciana,17.3,-0.93,39.2,-0.08,0
1976-11-01,1976,11,Comunitat Valenciana,11.9,-1.61,4.4,-0.24,0
1976-12-01,1976,12,Comunitat Valenciana,11.4,0.96,78.3,0.48,0
1977-01-01,1977,1,Comunitat Valenciana,10.2,0.49,73.5,0.74,0
1977-02-01,1977,2,Comunitat Valenciana,13.0,2.27,6.5,-1.9,0
1977-03-01,1977,3,Comunitat Valenciana,13.8,1.21,20.7,-1.21,0
1977-04-01,1977,4,Comunitat Valenciana,15.6,0.7,36.9,-0.51,0
1977-05-01,1977,5,Comunitat Valenciana,17.0,-1.32,115.6,2.7,0
1977-06-01,1977,6,Comunitat Valenciana,20.5,-1.52,68.8,1.98,0
1977-07-01,1977,7,Comunitat Valenciana,23.2,-2.03,55.9,2.29,1
1977-08-01,1977,8,Comunitat Valenciana,22.9,-2.1,33.2,1.42,1
1977-09-01,1977,9,Comunitat Valenciana,21.3,-1.26,67.2,1.03,0
1977-10-01,1977,10,Comunitat Valenciana,18.3,0.02,120.0,1.37,0
1977-11-01,1977,11,Comunitat Valenciana,13.6,0.09,39.9,-0.37,0
1977-12-01,1977,12,Comunitat Valenciana,11.8,1.32,59.5,-0.21,0
1978-01-01,1978,1,Comunitat Valenciana,9.4,-0.34,8.6,-0.39,0
1978-02-01,1978,2,Comunitat Valenciana,12.2,1.41,18.0,-1.1,0
1978-03-01,1978,3,Comunitat Valenciana,14.1,1.6,11.4,-1.68,0
1978-04-01,1978,4,Comunitat Valenciana,15.1,0.23,17.9,-0.71,0
1978-05-01,1978,5,Comunitat Valenciana,17.6,-0.67,54.2,0.77,0
1978-06-01,1978,6,Comunitat Valenciana,21.1,-0.96,43.0,1.0,1
1978-07-01,1978,7,Comunitat Valenciana,24.0,-1.16,6.9,0.54,4
1978-08-01,1978,8,Comunitat Valenciana,24.9,-0.11,7.8,-0.41,2
1978-09-01,1978,9,Comunitat Valenciana,24.0,1.48,8.0,-2.09,3
1978-10-01,1978,10,Comunitat Valenciana,17.6,-0.67,23.6,-0.63,0
1978-11-01,1978,11,Comunitat Valenciana,13.0,-0.46,30.8,-0.27,0
1978-12-01,1978,12,Comunitat Valenciana,12.4,1.96,21.9,-1.53,0
1979-01-01,1979,1,Comunitat Valenciana,11.4,1.6,66.2,-0.11,0
1979-02-01,1979,2,Comunitat Valenciana,12.0,1.28,8.6,-1.25,0
1979-03-01,1979,3,Comunitat Valenciana,13.7,1.17,4.6,-1.59,0
1979-04-01,1979,4,Comunitat Valenciana,15.2,0.29,18.9,-0.72,0
1979-05-01,1979,5,Comunitat Valenciana,19.2,0.88,16.6,-1.1,0
1979-06-01,1979,6,Comunitat Valenciana,22.4,0.34,35.1,0.02,0
1979-07-01,1979,7,Comunitat Valenciana,24.7,-0.47,36.8,0.88,5
1979-08-01,1979,8,Comunitat Valenciana,24.9,-0.14,4.6,-0.47,4
1979-09-01,1979,9,Comunitat Valenciana,21.6,-0.97,47.8,0.37,0
1979-10-01,1979,10,Comunitat Valenciana,18.0,-0.25,35.6,-0.58,0
1979-11-01,1979,11,Comunitat Valenciana,12.8,-0.67,4.8,-0.79,0
1979-12-01,1979,12,Comunitat Valenciana,11.4,0.94,2.3,-1.41,0
1980-01-01,1980,1,Comunitat Valenciana,9.4,-0.33,94.5,1.76,0
1980-02-01,1980,2,Comunitat Valenciana,11.2,0.48,84.3,1.12,0
1980-03-01,1980,3,Comunitat Valenciana,12.9,0.35,11.3,-0.93,0
1980-04-01,1980,4,Comunitat Valenciana,13.6,-1.29,61.1,1.29,0
1980-05-01,1980,5,Comunitat Valenciana,17.1,-1.17,70.7,1.48,0
1980-06-01,1980,6,Comunitat Valenciana,21.7,-0.35,40.6,0.57,1
1980-07-01,1980,7,Comunitat Valenciana,23.8,-1.37,7.9,0.7,6
1980-08-01,1980,8,Comunitat Valenciana,26.1,1.07,8.0,-1.11,6
1980-09-01,1980,9,Comunitat Valenciana,23.1,0.55,44.6,-0.62,0
1980-10-01,1980,10,Comunitat Valenciana,18.5,0.25,5.6,-1.63,0
1980-11-01,1980,11,Comunitat Valenciana,12.7,-0.77,62.5,0.71,0
1980-12-01,1980,12,Comunitat Valenciana,9.1,-1.4,5.0,0.06,0
1981-01-01,1981,1,Comunitat Valenciana,9.4,-0.4,7.1,-0.39,0
1981-02-01,1981,2,Comunitat Valenciana,9.1,-1.61,20.1,0.77,0
1981-03-01,1981,3,Comunitat Valenciana,15.3,2.81,7.6,-2.5,0
1981-04-01,1981,4,Comunitat Valenciana,14.6,-0.32,117.6,2.12,0
1981-05-01,1981,5,Comunitat Valenciana,17.8,-0.45,18.0,-0.26,0
1981-06-01,1981,6,Comunitat Valenciana,22.5,0.47,72.3,0.87,2
1981-07-01,1981,7,Comunitat Valenciana,23.6,-1.57,2.4,0.68,1
1981-08-01,1981,8,Comunitat Valenciana,24.1,-0.89,61.6,1.41,2
1981-09-01,1981,9,Comunitat Valenciana,23.1,0.54,19.2,-1.25,1
1981-10-01,1981,10,Comunitat Valenciana,19.5,1.24,43.8,-1.27,2
1981-11-01,1981,11,Comunitat Valenciana,14.5,1.01,1.8,-1.87,0
1981-12-01,1981,12,Comunitat Valenciana,13.5,2.98,15.0,-2.31,0
1982-01-01,1982,1,Comunitat Valenciana,11.7,1.96,77.9,-0.03,0
1982-02-01,1982,2,Comunitat Valenciana,10.8,0.08,34.6,0.12,0
1982-03-01,1982,3,Comunitat Valenciana,12.6,0.04,55.5,0.36,0
1982-04-01,1982,4,Comunitat Valenciana,14.1,-0.76,55.6,0.83,0
1982-05-01,1982,5,Comunitat Valenciana,17.7,-0.6,34.8,0.25,0
1982-06-01,1982,6,Comunitat Valenciana,23.7,1.64,9.2,-1.41,3
1982-07-01,1982,7,Comunitat Valenciana,26.6,1.44,10.5,-0.93,11
1982-08-01,1982,8,Comunitat Valenciana,24.5,-0.58,63.6,1.27,1
1982-09-01,1982,9,Comunitat Valenciana,22.3,-0.23,13.1,-0.94,1
1982-10-01,1982,10,Comunitat Valenciana,18.8,0.58,239.5,3.0,0
1982-11-01,1982,11,Comunitat Valenciana,13.3,-0.16,45.2,-0.09,0
1982-12-01,1982,12,Comunitat Valenciana,10.5,-0.01,5.0,-0.77,0
1983-01-01,1983,1,Comunitat Valenciana,8.6,-1.13,0.0,-0.13,0
1983-02-01,1983,2,Comunitat Valenciana,8.7,-2.05,30.1,1.28,0
1983-03-01,1983,3,Comunitat Valenciana,12.7,0.21,9.5,-0.89,0
1983-04-01,1983,4,Comunitat Valenciana,16.0,1.12,21.2,-1.16,0
1983-05-01,1983,5,Comunitat Valenciana,18.9,0.59,5.2,-1.21,0
1983-06-01,1983,6,Comunitat Valenciana,21.8,-0.16,57.4,0.88,0
1983-07-01,1983,7,Comunitat Valenciana,25.4,0.2,8.1,-0.24,4
1983-08-01,1983,8,Comunitat Valenciana,24.2,-0.81,50.0,1.07,1
1983-09-01,1983,9,Comunitat Valenciana,23.5,0.93,6.8,-1.79,3
1983-10-01,1983,10,Comunitat Valenciana,19.3,1.09,18.7,-1.81,0
1983-11-01,1983,11,Comunitat Valenciana,15.2,1.66,86.7,-0.14,0
1983-12-01,1983,12,Comunitat Valenciana,10.6,0.15,9.1,-0.76,0
1984-01-01,1984,1,Comunitat Valenciana,10.3,0.57,13.7,-0.8,0
1984-02-01,1984,2,Comunitat Valenciana,10.3,-0.42,43.8,0.65,0
1984-03-01,1984,3,Comunitat Valenciana,10.6,-1.98,18.0,0.64,0
1984-04-01,1984,4,Comunitat Valenciana,15.2,0.32,23.7,-0.61,0
1984-05-01,1984,5,Comunitat Valenciana,16.2,-2.11,89.8,2.53,0
1984-06-01,1984,6,Comunitat Valenciana,21.0,-0.99,13.5,0.28,0
1984-07-01,1984,7,Comunitat Valenciana,25.4,0.17,0.1,-0.42,5
1984-08-01,1984,8,Comunitat Valenciana,24.4,-0.67,19.6,0.22,2
1984-09-01,1984,9,Comunitat Valenciana,22.0,-0.59,32.1,-0.25,3
1984-10-01,1984,10,Comunitat Valenciana,17.8,-0.45,17.8,-0.91,0
1984-11-01,1984,11,Comunitat Valenciana,14.8,1.35,78.9,-0.15,0
1984-12-01,1984,12,Comunitat Valenciana,10.5,0.06,15.1,-0.56,0
1985-01-01,1985,1,Comunitat Valenciana,7.9,-1.88,27.9,1.02,0
1985-02-01,1985,2,Comunitat Valenciana,12.0,1.22,31.6,-0.64,0
1985-03-01,1985,3,Comunitat Valenciana,12.4,-0.09,7.0,-0.77,0
1985-04-01,1985,4,Comunitat Valenciana,16.5,1.61,11.2,-1.7,0
1985-05-01,1985,5,Comunitat Valenciana,16.4,-1.87,70.3,1.89,0
1985-06-01,1985,6,Comunitat Valenciana,22.3,0.32,8.0,-0.64,0
1985-07-01,1985,7,Comunitat Valenciana,26.0,0.81,4.7,-0.69,7
1985-08-01,1985,8,Comunitat Valenciana,24.8,-0.23,7.7,-0.34,3
1985-09-01,1985,9,Comunitat Valenciana,23.4,0.88,19.6,-1.44,0
1985-10-01,1985,10,Comunitat Valenciana,19.1,0.87,57.0,-0.72,0
1985-11-01,1985,11,Comunitat Valenciana,13.5,-0.03,63.4,0.29,0
1985-12-01,1985,12,Comunitat Valenciana,10.2,-0.25,39.5,0.24,0
1986-01-01,1986,1,Comunitat Valenciana,10.5,0.7,9.7,-0.98,0
1986-02-01,1986,2,Comunitat Valenciana,10.3,-0.45,17.0,-0.0,0
1986-03-01,1986,3,Comunitat Valenciana,12.7,0.18,19.2,-0.63,0
1986-04-01,1986,4,Comunitat Valenciana,13.6,-1.32,54.1,1.13,0
1986-05-01,1986,5,Comunitat Valenciana,19.6,1.36,22.7,-1.23,0
1986-06-01,1986,6,Comunitat Valenciana,22.2,0.14,2.6,-0.67,2
1986-07-01,1986,7,Comunitat Valenciana,25.0,-0.23,39.5,0.8,5
1986-08-01,1986,8,Comunitat Valenciana,25.5,0.51,19.1,-0.5,6
1986-09-01,1986,9,Comunitat Valenciana,23.0,0.48,77.6,0.25,1
1986-10-01,1986,10,Comunitat Valenciana,18.3,0.08,199.3,3.0,0
1986-11-01,1986,11,Comunitat Valenciana,13.8,0.31,26.7,-0.83,0
1986-12-01,1986,12,Comunitat Valenciana,10.4,-0.07,7.9,-0.66,0
1987-01-01,1987,1,Comunitat Valenciana,9.0,-0.81,77.7,1.62,0
1987-02-01,1987,2,Comunitat Valenciana,10.5,-0.24,41.6,0.48,0
1987-03-01,1987,3,Comunitat Valenciana,13.0,0.47,8.1,-1.08,0
1987-04-01,1987,4,Comunitat Valenciana,15.9,1.01,5.4,-1.49,0
1987-05-01,1987,5,Comunitat Valenciana,17.9,-0.4,27.0,-0.07,0
1987-06-01,1987,6,Comunitat Valenciana,22.0,0.0,10.2,-0.4,1
1987-07-01,1987,7,Comunitat Valenciana,25.0,-0.21,38.7,0.77,4
1987-08-01,1987,8,Comunitat Valenciana,25.4,0.35,9.6,-0.64,5
1987-09-01,1987,9,Comunitat Valenciana,24.8,2.22,30.6,-1.97,2
1987-10-01,1987,10,Comunitat Valenciana,18.6,0.33,89.6,0.42,0
1987-11-01,1987,11,Comunitat Valenciana,13.4,-0.06,136.5,2.14,0
1987-12-01,1987,12,Comunitat Valenciana,11.6,1.09,57.8,-0.11,0
1988-01-01,1988,1,Comunitat Valenciana,11.9,2.1,51.3,-0.78,0
1988-02-01,1988,2,Comunitat Valenciana,10.8,0.07,15.5,-0.35,0
1988-03-01,1988,3,Comunitat Valenciana,13.8,1.28,6.0,-1.62,0
1988-04-01,1988,4,Comunitat Valenciana,15.1,0.18,94.1,1.23,0
1988-05-01,1988,5,Comunitat Valenciana,18.4,0.11,63.4,0.53,0
1988-06-01,1988,6,Comunitat Valenciana,20.9,-1.07,103.4,2.57,0
1988-07-01,1988,7,Comunitat Valenciana,24.8,-0.39,2.8,-0.02,2
1988-08-01,1988,8,Comunitat Valenciana,25.9,0.91,5.7,-1.07,8
1988-09-01,1988,9,Comunitat Valenciana,22.5,-0.06,44.2,-0.26,3
1988-10-01,1988,10,Comunitat Valenciana,19.0,0.79,51.6,-0.81,0
1988-11-01,1988,11,Comunitat Valenciana,14.0,0.46,94.5,0.77,0
1988-12-01,1988,12,Comunitat Valenciana,9.6,-0.88,0.9,-0.35,0
1989-01-01,1989,1,Comunitat Valenciana,9.0,-0.75,11.8,-0.06,0
1989-02-01,1989,2,Comunitat Valenciana,11.2,0.4,46.5,0.22,0
1989-03-01,1989,3,Comunitat Valenciana,13.4,0.9,58.5,-0.08,0
1989-04-01,1989,4,Comunitat Valenciana,14.9,0.02,31.6,-0.24,0
1989-05-01,1989,5,Comunitat Valenciana,18.4,0.09,45.0,0.09,0
1989-06-01,1989,6,Comunitat Valenciana,22.3,0.26,38.1,0.14,0
1989-07-01,1989,7,Comunitat Valenciana,26.2,1.0,1.8,-0.88,6
1989-08-01,1989,8,Comunitat Valenciana,26.6,1.59,40.8,-0.6,4
1989-09-01,1989,9,Comunitat Valenciana,21.2,-1.34,202.9,3.0,0
1989-10-01,1989,10,Comunitat Valenciana,18.2,-0.04,11.4,-1.31,0
1989-11-01,1989,11,Comunitat Valenciana,15.1,1.57,119.8,0.74,0
1989-12-01,1989,12,Comunitat Valenciana,13.2,2.74,163.8,1.55,0
1990-01-01,1990,1,Comunitat Valenciana,9.8,0.06,63.3,0.74,0
1990-02-01,1990,2,Comunitat Valenciana,13.5,2.71,1.8,-2.28,0
1990-03-01,1990,3,Comunitat Valenciana,13.0,0.43,38.0,-0.31,0
1990-04-01,1990,4,Comunitat Valenciana,14.1,-0.75,46.0,0.59,0
1990-05-01,1990,5,Comunitat Valenciana,18.6,0.31,35.5,-0.28,0
1990-06-01,1990,6,Comunitat Valenciana,22.5,0.52,23.2,-0.38,0
1990-07-01,1990,7,Comunitat Valenciana,25.8,0.57,3.4,-0.58,7
1990-08-01,1990,8,Comunitat Valenciana,25.7,0.71,20.9,-0.57,3
1990-09-01,1990,9,Comunitat Valenciana,23.7,1.11,45.4,-0.93,2
1990-10-01,1990,10,Comunitat Valenciana,18.6,0.39,144.7,1.76,0
1990-11-01,1990,11,Comunitat Valenciana,13.5,0.04,23.6,-0.75,0
1990-12-01,1990,12,Comunitat Valenciana,9.3,-1.15,18.3,0.25,0
1991-01-01,1991,1,Comunitat Valenciana,9.2,-0.59,85.9,1.7,0
1991-02-01,1991,2,Comunitat Valenciana,9.3,-1.49,58.8,1.66,0
1991-03-01,1991,3,Comunitat Valenciana,12.9,0.31,87.5,1.0,0
1991-04-01,1991,4,Comunitat Valenciana,13.7,-1.16,47.5,0.87,0
1991-05-01,1991,5,Comunitat Valenciana,16.0,-2.29,25.5,1.03,0
1991-06-01,1991,6,Comunitat Valenciana,21.8,-0.18,10.4,-0.28,0
1991-07-01,1991,7,Comunitat Valenciana,25.4,0.19,5.8,-0.29,4
1991-08-01,1991,8,Comunitat Valenciana,26.6,1.55,4.1,-1.5,15
1991-09-01,1991,9,Comunitat Valenciana,23.8,1.21,32.1,-1.33,0
1991-10-01,1991,10,Comunitat Valenciana,16.7,-1.51,33.2,0.11,0
1991-11-01,1991,11,Comunitat Valenciana,13.6,0.11,9.1,-1.15,0
1991-12-01,1991,12,Comunitat Valenciana,10.6,0.11,48.6,0.25,0
1992-01-01,1992,1,Comunitat Valenciana,8.1,-1.63,7.0,0.35,0
1992-02-01,1992,2,Comunitat Valenciana,9.4,-1.36,67.1,1.79,0
1992-03-01,1992,3,Comunitat Valenciana,12.4,-0.1,13.5,-0.6,0
1992-04-01,1992,4,Comunitat Valenciana,15.5,0.6,14.6,-1.01,0
1992-05-01,1992,5,Comunitat Valenciana,19.3,1.02,52.2,-0.29,0
1992-06-01,1992,6,Comunitat Valenciana,20.1,-1.92,67.2,2.18,0
1992-07-01,1992,7,Comunitat Valenciana,24.4,-0.76,1.7,0.17,3
1992-08-01,1992,8,Comunitat Valenciana,26.3,1.29,11.1,-1.17,9
1992-09-01,1992,9,Comunitat Valenciana,22.7,0.15,13.8,-1.15,0
1992-10-01,1992,10,Comunitat Valenciana,17.5,-0.71,76.7,0.72,0
1992-11-01,1992,11,Comunitat Valenciana,14.8,1.36,1.1,-2.1,0
1992-12-01,1992,12,Comunitat Valenciana,11.4,0.89,53.7,-0.09,0
1993-01-01,1993,1,Comunitat Valenciana,8.3,-1.43,4.5,0.17,0
1993-02-01,1993,2,Comunitat Valenciana,9.3,-1.46,77.1,2.1,0
1993-03-01,1993,3,Comunitat Valenciana,11.2,-1.34,47.9,1.0,0
1993-04-01,1993,4,Comunitat Valenciana,14.9,0.03,24.1,-0.43,0
1993-05-01,1993,5,Comunitat Valenciana,18.3,0.07,25.3,-0.39,0
1993-06-01,1993,6,Comunitat Valenciana,23.2,1.15,3.9,-1.24,2
1993-07-01,1993,7,Comunitat Valenciana,24.1,-1.06,6.9,0.48,1
1993-08-01,1993,8,Comunitat Valenciana,25.3,0.3,5.9,-0.7,5
1993-09-01,1993,9,Comunitat Valenciana,21.8,-0.75,49.2,0.28,0
1993-10-01,1993,10,Comunitat Valenciana,16.5,-1.72,173.5,3.0,0
1993-11-01,1993,11,Comunitat Valenciana,12.3,-1.2,54.1,0.76,0
1993-12-01,1993,12,Comunitat Valenciana,10.9,0.42,3.6,-1.06,0
1994-01-01,1994,1,Comunitat Valenciana,10.1,0.39,4.5,-0.93,0
1994-02-01,1994,2,Comunitat Valenciana,11.4,0.66,10.2,-0.84,0
1994-03-01,1994,3,Comunitat Valenciana,13.4,0.85,1.7,-1.47,0
1994-04-01,1994,4,Comunitat Valenciana,15.1,0.19,51.2,0.15,0
1994-05-01,1994,5,Comunitat Valenciana,19.7,1.4,13.8,-1.48,0
1994-06-01,1994,6,Comunitat Valenciana,22.9,0.93,3.6,-1.12,0
1994-07-01,1994,7,Comunitat Valenciana,26.3,1.15,0.0,-1.01,7
1994-08-01,1994,8,Comunitat Valenciana,26.9,1.87,8.8,-1.57,11
1994-09-01,1994,9,Comunitat Valenciana,22.0,-0.52,112.4,1.72,3
1994-10-01,1994,10,Comunitat Valenciana,18.1,-0.18,88.6,0.7,0
1994-11-01,1994,11,Comunitat Valenciana,15.1,1.59,13.4,-1.93,0
1994-12-01,1994,12,Comunitat Valenciana,11.5,1.06,2.4,-1.48,0
1995-01-01,1995,1,Comunitat Valenciana,11.0,1.22,4.7,-1.42,0
1995-02-01,1995,2,Comunitat Valenciana,13.2,2.43,16.4,-1.75,0
1995-03-01,1995,3,Comunitat Valenciana,13.0,0.49,6.8,-1.12,0
1995-04-01,1995,4,Comunitat Valenciana,15.2,0.26,20.3,-0.66,0
1995-05-01,1995,5,Comunitat Valenciana,19.3,0.99,2.1,-1.53,1
1995-06-01,1995,6,Comunitat Valenciana,21.2,-0.8,37.7,0.77,0
1995-07-01,1995,7,Comunitat Valenciana,25.7,0.49,3.2,-0.54,6
1995-08-01,1995,8,Comunitat Valenciana,25.4,0.32,31.2,-0.08,2
1995-09-01,1995,9,Comunitat Valenciana,21.4,-1.2,38.4,0.28,1
1995-10-01,1995,10,Comunitat Valenciana,19.0,0.76,32.0,-1.28,0
1995-11-01,1995,11,Comunitat Valenciana,15.5,2.04,23.5,-1.95,0
1995-12-01,1995,12,Comunitat Valenciana,12.6,2.09,47.2,-0.98,0
1996-01-01,1996,1,Comunitat Valenciana,11.8,2.09,41.9,-1.01,0
1996-02-01,1996,2,Comunitat Valenciana,10.4,-0.4,41.9,0.59,0
1996-03-01,1996,3,Comunitat Valenciana,12.2,-0.29,23.3,-0.24,0
1996-04-01,1996,4,Comunitat Valenciana,15.7,0.79,21.1,-0.96,0
1996-05-01,1996,5,Comunitat Valenciana,18.6,0.29,39.5,-0.17,0
1996-06-01,1996,6,Comunitat Valenciana,22.9,0.88,10.2,-0.93,2
1996-07-01,1996,7,Comunitat Valenciana,25.0,-0.14,10.9,0.03,5
1996-08-01,1996,8,Comunitat Valenciana,24.8,-0.2,41.2,0.48,4
1996-09-01,1996,9,Comunitat Valenciana,20.1,-2.48,109.8,2.83,0
1996-10-01,1996,10,Comunitat Valenciana,17.9,-0.36,12.9,-1.08,0
1996-11-01,1996,11,Comunitat Valenciana,14.4,0.93,76.8,0.05,0
1996-12-01,1996,12,Comunitat Valenciana,11.2,0.69,83.1,0.76,0
1997-01-01,1997,1,Comunitat Valenciana,10.1,0.36,82.2,1.03,0
1997-02-01,1997,2,Comunitat Valenciana,11.8,1.0,2.9,-1.23,0
1997-03-01,1997,3,Comunitat Valenciana,13.8,1.22,9.2,-1.5,0
1997-04-01,1997,4,Comunitat Valenciana,15.8,0.87,64.7,0.08,0
1997-05-01,1997,5,Comunitat Valenciana,19.1,0.83,26.2,-0.83,0
1997-06-01,1997,6,Comunitat Valenciana,23.1,1.08,31.8,-0.51,4
1997-07-01,1997,7,Comunitat Valenciana,23.9,-1.27,9.9,0.69,1
1997-08-01,1997,8,Comunitat Valenciana,25.2,0.19,44.8,0.34,2
1997-09-01,1997,9,Comunitat Valenciana,22.4,-0.12,66.1,0.32,1
1997-10-01,1997,10,Comunitat Valenciana,20.5,2.29,9.7,-2.75,0
1997-11-01,1997,11,Comunitat Valenciana,14.9,1.43,30.9,-1.4,0
1997-12-01,1997,12,Comunitat Valenciana,11.6,1.09,68.7,0.16,0
1998-01-01,1998,1,Comunitat Valenciana,10.9,1.11,75.9,0.43,0
1998-02-01,1998,2,Comunitat Valenciana,11.1,0.36,30.6,-0.15,0
1998-03-01,1998,3,Comunitat Valenciana,13.6,1.05,5.9,-1.48,0
1998-04-01,1998,4,Comunitat Valenciana,16.3,1.42,8.2,-1.66,0
1998-05-01,1998,5,Comunitat Valenciana,18.2,-0.12,44.3,0.19,0
1998-06-01,1998,6,Comunitat Valenciana,22.9,0.9,8.4,-0.98,1
1998-07-01,1998,7,Comunitat Valenciana,26.2,1.0,1.4,-0.89,10
1998-08-01,1998,8,Comunitat Valenciana,25.3,0.28,37.6,0.1,4
1998-09-01,1998,9,Comunitat Valenciana,23.5,0.96,23.4,-1.39,2
1998-10-01,1998,10,Comunitat Valenciana,18.3,0.07,10.2,-1.41,0
1998-11-01,1998,11,Comunitat Valenciana,14.4,0.86,11.1,-1.55,0
1998-12-01,1998,12,Comunitat Valenciana,9.4,-1.12,56.3,1.18,0
1999-01-01,1999,1,Comunitat Valenciana,9.8,0.0,27.0,-0.13,0
1999-02-01,1999,2,Comunitat Valenciana,10.2,-0.57,9.4,-0.12,0
1999-03-01,1999,3,Comunitat Valenciana,12.8,0.29,42.7,-0.11,0
1999-04-01,1999,4,Comunitat Valenciana,16.8,1.9,23.6,-1.56,0
1999-05-01,1999,5,Comunitat Valenciana,20.5,2.24,12.7,-2.01,1
1999-06-01,1999,6,Comunitat Valenciana,23.0,1.0,11.1,-0.97,2
1999-07-01,1999,7,Comunitat Valenciana,25.5,0.27,16.1,-0.08,3
1999-08-01,1999,8,Comunitat Valenciana,26.6,1.54,5.2,-1.46,11
1999-09-01,1999,9,Comunitat Valenciana,23.1,0.56,75.9,0.16,1
1999-10-01,1999,10,Comunitat Valenciana,18.4,0.19,86.2,0.42,0
1999-11-01,1999,11,Comunitat Valenciana,12.0,-1.53,39.9,0.6,0
1999-12-01,1999,12,Comunitat Valenciana,10.6,0.15,10.4,-0.73,0
2000-01-01,2000,1,Comunitat Valenciana,7.7,-2.07,29.6,1.18,0
2000-02-01,2000,2,Comunitat Valenciana,12.2,1.44,0.3,-1.56,0
2000-03-01,2000,3,Comunitat Valenciana,13.2,0.67,25.3,-0.77,0
2000-04-01,2000,4,Comunitat Valenciana,16.0,1.14,28.3,-0.99,0
2000-05-01,2000,5,Comunitat Valenciana,19.8,1.5,24.9,-1.26,1
2000-06-01,2000,6,Comunitat Valenciana,23.0,0.95,17.0,-0.8,4
2000-07-01,2000,7,Comunitat Valenciana,25.5,0.33,2.5,-0.46,9
2000-08-01,2000,8,Comunitat Valenciana,25.6,0.53,4.7,-0.87,6
2000-09-01,2000,9,Comunitat Valenciana,23.0,0.41,15.2,-1.27,2
2000-10-01,2000,10,Comunitat Valenciana,18.4,0.17,147.8,1.97,0
2000-11-01,2000,11,Comunitat Valenciana,13.7,0.17,10.2,-1.16,0
2000-12-01,2000,12,Comunitat Valenciana,12.0,1.49,12.4,-1.49,0
2001-01-01,2001,1,Comunitat Valenciana,12.1,2.34,22.0,-1.66,0
2001-02-01,2001,2,Comunitat Valenciana,11.4,0.67,35.3,-0.22,0
2001-03-01,2001,3,Comunitat Valenciana,17.2,4.69,10.5,-3.0,0
2001-04-01,2001,4,Comunitat Valenciana,16.9,2.04,35.0,-1.36,0
2001-05-01,2001,5,Comunitat Valenciana,19.1,0.8,54.3,-0.11,0
2001-06-01,2001,6,Comunitat Valenciana,23.7,1.72,8.7,-1.47,3
2001-07-01,2001,7,Comunitat Valenciana,25.4,0.22,7.8,-0.26,7
2001-08-01,2001,8,Comunitat Valenciana,26.5,1.48,3.5,-1.47,6
2001-09-01,2001,9,Comunitat Valenciana,22.3,-0.3,66.7,0.45,0
2001-10-01,2001,10,Comunitat Valenciana,20.2,2.01,27.0,-2.15,0
2001-11-01,2001,11,Comunitat Valenciana,12.1,-1.41,57.7,0.98,0
2001-12-01,2001,12,Comunitat Valenciana,8.7,-1.73,41.7,1.18,0
2002-01-01,2002,1,Comunitat Valenciana,9.7,-0.03,42.9,0.29,0
2002-02-01,2002,2,Comunitat Valenciana,11.8,1.02,5.5,-1.17,0
2002-03-01,2002,3,Comunitat Valenciana,13.5,0.97,49.1,-0.35,0
2002-04-01,2002,4,Comunitat Valenciana,15.0,0.11,76.7,0.84,0
2002-05-01,2002,5,Comunitat Valenciana,17.6,-0.71,110.2,2.2,0
2002-06-01,2002,6,Comunitat Valenciana,23.0,1.04,11.5,-0.99,0
2002-07-01,2002,7,Comunitat Valenciana,24.7,-0.49,26.0,0.62,2
2002-08-01,2002,8,Comunitat Valenciana,23.8,-1.2,70.6,1.82,1
2002-09-01,2002,9,Comunitat Valenciana,22.5,-0.09,20.8,-0.83,0
2002-10-01,2002,10,Comunitat Valenciana,19.1,0.89,26.9,-1.48,0
2002-11-01,2002,11,Comunitat Valenciana,15.6,2.07,18.0,-2.1,0
2002-12-01,2002,12,Comunitat Valenciana,12.8,2.29,40.1,-1.27,0
2003-01-01,2003,1,Comunitat Valenciana,10.5,0.71,9.9,-0.98,0
2003-02-01,2003,2,Comunitat Valenciana,9.8,-0.98,56.3,1.3,0
2003-03-01,2003,3,Comunitat Valenciana,12.5,-0.04,26.1,-0.32,0
2003-04-01,2003,4,Comunitat Valenciana,15.5,0.59,77.3,0.56,0
2003-05-01,2003,5,Comunitat Valenciana,18.8,0.51,90.1,0.96,0
2003-06-01,2003,6,Comunitat Valenciana,25.5,3.51,11.0,-2.48,10
2003-07-01,2003,7,Comunitat Valenciana,27.1,1.95,3.9,-1.4,14
2003-08-01,2003,8,Comunitat Valenciana,27.7,2.68,12.5,-1.96,22
2003-09-01,2003,9,Comunitat Valenciana,22.0,-0.56,133.5,2.27,0
2003-10-01,2003,10,Comunitat Valenciana,18.1,-0.18,76.0,0.39,0
2003-11-01,2003,11,Comunitat Valenciana,14.4,0.94,23.5,-1.29,0
2003-12-01,2003,12,Comunitat Valenciana,10.9,0.46,15.3,-0.79,0
2004-01-01,2004,1,Comunitat Valenciana,12.2,2.44,1.2,-2.24,0
2004-02-01,2004,2,Comunitat Valenciana,10.3,-0.47,57.2,1.01,0
2004-03-01,2004,3,Comunitat Valenciana,11.7,-0.8,98.3,1.94,0
2004-04-01,2004,4,Comunitat Valenciana,14.1,-0.74,62.6,0.99,0
2004-05-01,2004,5,Comunitat Valenciana,17.2,-1.07,90.4,1.92,0
2004-06-01,2004,6,Comunitat Valenciana,23.6,1.57,13.1,-1.27,2
2004-07-01,2004,7,Comunitat Valenciana,25.2,0.05,2.5,-0.29,4
2004-08-01,2004,8,Comunitat Valenciana,26.8,1.74,20.0,-1.21,14
2004-09-01,2004,9,Comunitat Valenciana,23.0,0.47,32.5,-0.87,0
2004-10-01,2004,10,Comunitat Valenciana,20.0,1.79,12.0,-2.4,0
2004-11-01,2004,11,Comunitat Valenciana,13.0,-0.5,7.1,-0.83,0
2004-12-01,2004,12,Comunitat Valenciana,11.0,0.49,92.7,1.12,0
2005-01-01,2005,1,Comunitat Valenciana,8.2,-1.58,1.9,0.19,0
2005-02-01,2005,2,Comunitat Valenciana,8.5,-2.25,21.8,1.2,0
2005-03-01,2005,3,Comunitat Valenciana,12.0,-0.55,6.8,-0.5,0
2005-04-01,2005,4,Comunitat Valenciana,16.0,1.08,23.5,-1.08,0
2005-05-01,2005,5,Comunitat Valenciana,19.8,1.48,24.5,-1.26,0
2005-06-01,2005,6,Comunitat Valenciana,24.8,2.74,6.3,-2.14,7
2005-07-01,2005,7,Comunitat Valenciana,26.1,0.91,10.9,-0.6,7
2005-08-01,2005,8,Comunitat Valenciana,24.9,-0.18,32.6,0.25,2
2005-09-01,2005,9,Comunitat Valenciana,22.2,-0.37,30.8,-0.41,2
2005-10-01,2005,10,Comunitat Valenciana,18.8,0.57,11.5,-1.68,0
2005-11-01,2005,11,Comunitat Valenciana,13.0,-0.5,109.5,1.73,0
2005-12-01,2005,12,Comunitat Valenciana,9.5,-1.0,6.7,-0.13,0
2006-01-01,2006,1,Comunitat Valenciana,8.7,-1.03,74.1,1.67,0
2006-02-01,2006,2,Comunitat Valenciana,9.6,-1.13,35.3,0.86,0
2006-03-01,2006,3,Comunitat Valenciana,14.5,2.01,6.8,-2.04,0
2006-04-01,2006,4,Comunitat Valenciana,16.8,1.87,34.5,-1.27,0
2006-05-01,2006,5,Comunitat Valenciana,20.2,1.92,24.5,-1.52,1
2006-06-01,2006,6,Comunitat Valenciana,23.1,1.07,6.7,-1.13,1
2006-07-01,2006,7,Comunitat Valenciana,27.4,2.2,1.8,-1.6,21
2006-08-01,2006,8,Comunitat Valenciana,25.6,0.57,6.8,-0.84,5
2006-09-01,2006,9,Comunitat Valenciana,23.4,0.8,48.2,-0.68,0
2006-10-01,2006,10,Comunitat Valenciana,20.7,2.46,19.0,-2.62,0
2006-11-01,2006,11,Comunitat Valenciana,15.8,2.3,97.9,-0.24,0
2006-12-01,2006,12,Comunitat Valenciana,11.0,0.55,21.9,-0.68,0
2007-01-01,2007,1,Comunitat Valenciana,10.3,0.57,36.0,-0.25,0
2007-02-01,2007,2,Comunitat Valenciana,12.8,2.0,22.1,-1.35,0
2007-03-01,2007,3,Comunitat Valenciana,13.7,1.2,39.5,-0.73,0
2007-04-01,2007,4,Comunitat Valenciana,14.9,-0.01,117.2,1.92,0
2007-05-01,2007,5,Comunitat Valenciana,20.5,2.2,17.5,-1.87,2
2007-06-01,2007,6,Comunitat Valenciana,23.8,1.77,8.2,-1.51,3
2007-07-01,2007,7,Comunitat Valenciana,25.2,0.05,4.9,-0.23,3
2007-08-01,2007,8,Comunitat Valenciana,25.1,0.03,31.5,0.1,5
2007-09-01,2007,9,Comunitat Valenciana,22.3,-0.26,53.5,0.09,0
2007-10-01,2007,10,Comunitat Valenciana,17.8,-0.47,94.1,1.01,0
2007-11-01,2007,11,Comunitat Valenciana,11.9,-1.58,1.1,-0.34,0
2007-12-01,2007,12,Comunitat Valenciana,10.6,0.09,36.0,-0.06,0
2008-01-01,2008,1,Comunitat Valenciana,10.8,1.06,9.1,-1.21,0
2008-02-01,2008,2,Comunitat Valenciana,11.1,0.37,28.4,-0.21,0
2008-03-01,2008,3,Comunitat Valenciana,14.2,1.63,10.2,-1.72,0
2008-04-01,2008,4,Comunitat Valenciana,17.2,2.31,16.4,-1.99,0
2008-05-01,2008,5,Comunitat Valenciana,18.5,0.27,85.3,0.99,0
2008-06-01,2008,6,Comunitat Valenciana,22.3,0.27,49.9,0.43,4
2008-07-01,2008,7,Comunitat Valenciana,25.6,0.41,14.0,-0.22,8
2008-08-01,2008,8,Comunitat Valenciana,26.1,1.06,7.6,-1.11,6
2008-09-01,2008,9,Comunitat Valenciana,22.8,0.28,75.2,0.31,4
2008-10-01,2008,10,Comunitat Valenciana,17.7,-0.51,157.3,2.62,0
2008-11-01,2008,11,Comunitat Valenciana,11.9,-1.59,24.0,0.24,0
2008-12-01,2008,12,Comunitat Valenciana,9.5,-0.96,22.5,0.24,0
2009-01-01,2009,1,Comunitat Valenciana,9.5,-0.24,33.8,0.18,0
2009-02-01,2009,2,Comunitat Valenciana,10.2,-0.6,10.7,-0.07,0
2009-03-01,2009,3,Comunitat Valenciana,12.2,-0.3,68.1,0.88,0
2009-04-01,2009,4,Comunitat Valenciana,14.7,-0.22,52.2,0.42,0
2009-05-01,2009,5,Comunitat Valenciana,19.9,1.59,9.0,-1.71,0
2009-06-01,2009,6,Comunitat Valenciana,24.4,2.43,0.7,-2.09,4
2009-07-01,2009,7,Comunitat Valenciana,26.0,0.82,14.9,-0.44,9
2009-08-01,2009,8,Comunitat Valenciana,26.4,1.36,12.7,-1.17,12
2009-09-01,2009,9,Comunitat Valenciana,22.2,-0.35,120.6,1.82,2
2009-10-01,2009,10,Comunitat Valenciana,19.4,1.2,14.3,-1.99,0
2009-11-01,2009,11,Comunitat Valenciana,16.0,2.52,3.0,-2.75,0
2009-12-01,2009,12,Comunitat Valenciana,11.4,0.93,87.8,0.74,0
2010-01-01,2010,1,Comunitat Valenciana,9.7,-0.07,77.4,1.17,0
2010-02-01,2010,2,Comunitat Valenciana,10.2,-0.58,34.1,0.5,0
2010-03-01,2010,3,Comunitat Valenciana,11.8,-0.77,39.3,0.44,0
2010-04-01,2010,4,Comunitat Valenciana,15.0,0.1,29.9,-0.33,0
2010-05-01,2010,5,Comunitat Valenciana,18.5,0.26,43.4,-0.06,1
2010-06-01,2010,6,Comunitat Valenciana,22.6,0.57,31.2,-0.21,1
2010-07-01,2010,7,Comunitat Valenciana,26.7,1.55,1.9,-1.21,8
2010-08-01,2010,8,Comunitat Valenciana,25.9,0.89,55.6,0.19,7
2010-09-01,2010,9,Comunitat Valenciana,23.1,0.52,33.0,-0.89,4
2010-10-01,2010,10,Comunitat Valenciana,17.6,-0.63,50.6,0.02,0
2010-11-01,2010,11,Comunitat Valenciana,13.5,-0.02,19.2,-0.82,0
2010-12-01,2010,12,Comunitat Valenciana,9.4,-1.06,19.7,0.23,0
2011-01-01,2011,1,Comunitat Valenciana,9.5,-0.24,18.5,-0.2,0
2011-02-01,2011,2,Comunitat Valenciana,11.2,0.48,7.8,-0.79,0
2011-03-01,2011,3,Comunitat Valenciana,12.1,-0.42,82.5,1.31,0
2011-04-01,2011,4,Comunitat Valenciana,16.6,1.71,50.9,-0.77,1
2011-05-01,2011,5,Comunitat Valenciana,20.0,1.71,27.1,-1.33,1
2011-06-01,2011,6,Comunitat Valenciana,22.7,0.7,18.0,-0.62,1
2011-07-01,2011,7,Comunitat Valenciana,25.4,0.22,7.1,-0.28,8
2011-08-01,2011,8,Comunitat Valenciana,26.3,1.26,6.6,-1.26,8
2011-09-01,2011,9,Comunitat Valenciana,24.0,1.44,11.7,-1.97,3
2011-10-01,2011,10,Comunitat Valenciana,19.6,1.35,25.9,-1.79,0
2011-11-01,2011,11,Comunitat Valenciana,15.1,1.57,125.7,0.89,0
2011-12-01,2011,12,Comunitat Valenciana,11.6,1.14,6.1,-1.43,0
2012-01-01,2012,1,Comunitat Valenciana,10.4,0.6,26.6,-0.5,0
2012-02-01,2012,2,Comunitat Valenciana,7.9,-2.86,5.8,1.16,0
2012-03-01,2012,3,Comunitat Valenciana,12.5,-0.08,50.0,0.3,0
2012-04-01,2012,4,Comunitat Valenciana,16.0,1.09,35.8,-0.77,0
2012-05-01,2012,5,Comunitat Valenciana,20.6,2.37,7.3,-2.22,0
2012-06-01,2012,6,Comunitat Valenciana,25.6,3.6,3.3,-2.73,12
2012-07-01,2012,7,Comunitat Valenciana,25.8,0.56,6.0,-0.51,4
2012-08-01,2012,8,Comunitat Valenciana,27.3,2.29,7.8,-1.85,19
2012-09-01,2012,9,Comunitat Valenciana,23.2,0.62,70.5,-0.01,0
2012-10-01,2012,10,Comunitat Valenciana,18.7,0.47,84.3,0.2,0
2012-11-01,2012,11,Comunitat Valenciana,14.3,0.82,60.1,-0.3,0
2012-12-01,2012,12,Comunitat Valenciana,11.6,1.15,2.5,-1.53,0
2013-01-01,2013,1,Comunitat Valenciana,11.8,2.07,13.6,-1.71,0
2013-02-01,2013,2,Comunitat Valenciana,11.3,0.52,61.9,0.54,0
2013-03-01,2013,3,Comunitat Valenciana,14.0,1.49,37.3,-0.96,0
2013-04-01,2013,4,Comunitat Valenciana,15.6,0.66,78.4,0.55,0
2013-05-01,2013,5,Comunitat Valenciana,17.5,-0.77,22.6,0.04,0
2013-06-01,2013,6,Comunitat Valenciana,22.2,0.19,11.3,-0.48,1
2013-07-01,2013,7,Comunitat Valenciana,26.4,1.2,2.9,-0.97,12
2013-08-01,2013,8,Comunitat Valenciana,25.5,0.49,46.2,0.19,5
2013-09-01,2013,9,Comunitat Valenciana,23.2,0.68,4.3,-1.7,0
2013-10-01,2013,10,Comunitat Valenciana,21.8,3.57,6.5,-3.0,2
2013-11-01,2013,11,Comunitat Valenciana,14.6,1.13,19.7,-1.5,0
2013-12-01,2013,12,Comunitat Valenciana,10.3,-0.19,16.0,-0.39,0
2014-01-01,2014,1,Comunitat Valenciana,12.1,2.34,12.2,-1.9,0
2014-02-01,2014,2,Comunitat Valenciana,12.7,1.98,11.5,-1.6,0
2014-03-01,2014,3,Comunitat Valenciana,14.1,1.54,8.7,-1.71,0
2014-04-01,2014,4,Comunitat Valenciana,18.6,3.66,8.1,-3.0,0
2014-05-01,2014,5,Comunitat Valenciana,19.8,1.51,5.9,-1.74,0
2014-06-01,2014,6,Comunitat Valenciana,23.6,1.57,33.2,-0.76,4
2014-07-01,2014,7,Comunitat Valenciana,25.1,-0.13,37.9,0.7,5
2014-08-01,2014,8,Comunitat Valenciana,25.7,0.69,21.5,-0.55,3
2014-09-01,2014,9,Comunitat Valenciana,24.7,2.18,51.7,-1.42,4
2014-10-01,2014,10,Comunitat Valenciana,21.1,2.84,11.8,-3.0,1
2014-11-01,2014,11,Comunitat Valenciana,15.5,2.04,77.6,-0.6,0
2014-12-01,2014,12,Comunitat Valenciana,10.8,0.29,20.5,-0.56,0
2015-01-01,2015,1,Comunitat Valenciana,10.2,0.43,12.4,-0.75,0
2015-02-01,2015,2,Comunitat Valenciana,10.8,0.06,15.9,-0.34,0
2015-03-01,2015,3,Comunitat Valenciana,13.7,1.15,109.3,1.04,0
2015-04-01,2015,4,Comunitat Valenciana,15.8,0.91,9.5,-1.32,0
2015-05-01,2015,5,Comunitat Valenciana,21.6,3.31,8.5,-2.76,4
2015-06-01,2015,6,Comunitat Valenciana,24.3,2.29,39.2,-1.05,7
2015-07-01,2015,7,Comunitat Valenciana,27.7,2.51,35.8,-0.93,18
2015-08-01,2015,8,Comunitat Valenciana,26.0,0.94,23.7,-0.64,6
2015-09-01,2015,9,Comunitat Valenciana,21.9,-0.69,167.7,3.0,0
2015-10-01,2015,10,Comunitat Valenciana,18.6,0.32,63.6,-0.22,0
2015-11-01,2015,11,Comunitat Valenciana,14.6,1.13,48.1,-0.79,0
2015-12-01,2015,12,Comunitat Valenciana,11.7,1.26,0.0,-1.66,0
2016-01-01,2016,1,Comunitat Valenciana,12.8,3.07,4.3,-2.54,0
2016-02-01,2016,2,Comunitat Valenciana,13.1,2.35,8.3,-1.9,0
2016-03-01,2016,3,Comunitat Valenciana,13.5,1.0,30.9,-0.83,0
2016-04-01,2016,4,Comunitat Valenciana,16.3,1.43,45.7,-0.73,0
2016-05-01,2016,5,Comunitat Valenciana,19.1,0.78,28.7,-0.74,0
2016-06-01,2016,6,Comunitat Valenciana,23.9,1.92,7.8,-1.61,3
2016-07-01,2016,7,Comunitat Valenciana,26.5,1.31,1.8,-1.06,14
2016-08-01,2016,8,Comunitat Valenciana,25.8,0.8,21.3,-0.62,8
2016-09-01,2016,9,Comunitat Valenciana,24.1,1.59,40.4,-1.35,5
2016-10-01,2016,10,Comunitat Valenciana,19.7,1.48,43.0,-1.44,0
2016-11-01,2016,11,Comunitat Valenciana,14.4,0.91,88.1,0.34,0
2016-12-01,2016,12,Comunitat Valenciana,11.4,0.97,127.7,1.71,0
2017-01-01,2017,1,Comunitat Valenciana,9.7,-0.08,76.7,1.16,0
2017-02-01,2017,2,Comunitat Valenciana,12.1,1.37,16.8,-1.1,0
2017-03-01,2017,3,Comunitat Valenciana,13.5,0.98,59.3,-0.11,0
2017-04-01,2017,4,Comunitat Valenciana,14.9,-0.01,14.4,-0.65,0
2017-05-01,2017,5,Comunitat Valenciana,19.3,0.99,3.0,-1.5,0
2017-06-01,2017,6,Comunitat Valenciana,24.1,2.09,23.9,-1.31,1
2017-07-01,2017,7,Comunitat Valenciana,25.3,0.14,3.6,-0.32,2
2017-08-01,2017,8,Comunitat Valenciana,25.4,0.4,34.0,-0.06,1
2017-09-01,2017,9,Comunitat Valenciana,22.5,-0.09,7.9,-1.15,2
2017-10-01,2017,10,Comunitat Valenciana,20.0,1.81,15.0,-2.33,0
2017-11-01,2017,11,Comunitat Valenciana,14.3,0.8,13.7,-1.45,0
2017-12-01,2017,12,Comunitat Valenciana,11.1,0.61,4.3,-1.16,0
2018-01-01,2018,1,Comunitat Valenciana,12.3,2.52,32.8,-1.5,0
2018-02-01,2018,2,Comunitat Valenciana,9.5,-1.23,66.6,1.7,0
2018-03-01,2018,3,Comunitat Valenciana,13.8,1.22,22.9,-1.16,0
2018-04-01,2018,4,Comunitat Valenciana,15.9,1.05,17.9,-1.2,0
2018-05-01,2018,5,Comunitat Valenciana,18.8,0.55,13.5,-0.98,0
2018-06-01,2018,6,Comunitat Valenciana,22.8,0.82,59.7,0.35,0
2018-07-01,2018,7,Comunitat Valenciana,26.1,0.91,3.1,-0.79,4
2018-08-01,2018,8,Comunitat Valenciana,26.6,1.55,25.4,-0.96,6
2018-09-01,2018,9,Comunitat Valenciana,23.8,1.26,89.5,0.08,0
2018-10-01,2018,10,Comunitat Valenciana,18.4,0.12,129.1,1.53,0
2018-11-01,2018,11,Comunitat Valenciana,13.9,0.45,76.4,0.33,0
2018-12-01,2018,12,Comunitat Valenciana,11.9,1.42,11.0,-1.48,0
2019-01-01,2019,1,Comunitat Valenciana,10.5,0.77,4.0,-1.17,0
2019-02-01,2019,2,Comunitat Valenciana,11.4,0.62,0.3,-1.06,0
2019-03-01,2019,3,Comunitat Valenciana,13.9,1.34,24.1,-1.2,0
2019-04-01,2019,4,Comunitat Valenciana,14.7,-0.14,114.8,1.94,0
2019-05-01,2019,5,Comunitat Valenciana,17.8,-0.46,31.9,0.09,0
2019-06-01,2019,6,Comunitat Valenciana,21.9,-0.14,5.5,-0.43,2
2019-07-01,2019,7,Comunitat Valenciana,26.3,1.14,1.3,-0.98,5
2019-08-01,2019,8,Comunitat Valenciana,26.0,1.0,17.1,-0.84,3
2019-09-01,2019,9,Comunitat Valenciana,23.1,0.51,193.6,3.0,2
2019-10-01,2019,10,Comunitat Valenciana,19.5,1.3,35.0,-1.53,1
2019-11-01,2019,11,Comunitat Valenciana,15.4,1.9,13.0,-2.13,0
2019-12-01,2019,12,Comunitat Valenciana,13.1,2.59,88.0,-0.26,0
2020-01-01,2020,1,Comunitat Valenciana,10.4,0.66,123.4,1.88,0
2020-02-01,2020,2,Comunitat Valenciana,13.6,2.84,4.1,-2.3,0
2020-03-01,2020,3,Comunitat Valenciana,13.9,1.37,80.3,0.19,0
2020-04-01,2020,4,Comunitat Valenciana,15.2,0.26,53.3,0.16,0
2020-05-01,2020,5,Comunitat Valenciana,20.3,2.04,36.3,-1.3,0
2020-06-01,2020,6,Comunitat Valenciana,22.7,0.73,23.1,-0.51,0
2020-07-01,2020,7,Comunitat Valenciana,25.9,0.75,5.0,-0.65,2
2020-08-01,2020,8,Comunitat Valenciana,26.5,1.51,9.4,-1.34,4
2020-09-01,2020,9,Comunitat Valenciana,23.3,0.74,20.7,-1.33,0
2020-10-01,2020,10,Comunitat Valenciana,18.6,0.38,20.6,-1.34,1
2020-11-01,2020,11,Comunitat Valenciana,14.7,1.24,236.5,3.0,0
2020-12-01,2020,12,Comunitat Valenciana,11.6,1.1,13.4,-1.23,0
2021-01-01,2021,1,Comunitat Valenciana,10.1,0.3,47.7,0.21,0
2021-02-01,2021,2,Comunitat Valenciana,13.1,2.31,10.4,-1.83,0
2021-03-01,2021,3,Comunitat Valenciana,12.1,-0.4,81.6,1.28,0
2021-04-01,2021,4,Comunitat Valenciana,13.8,-1.09,67.5,1.33,0
2021-05-01,2021,5,Comunitat Valenciana,18.7,0.39,31.1,-0.44,1
2021-06-01,2021,6,Comunitat Valenciana,22.3,0.3,23.7,-0.24,0
2021-07-01,2021,7,Comunitat Valenciana,25.2,0.03,30.1,0.41,3
2021-08-01,2021,8,Comunitat Valenciana,25.4,0.35,22.5,-0.32,4
2021-09-01,2021,9,Comunitat Valenciana,23.5,0.93,71.1,-0.18,0
2021-10-01,2021,10,Comunitat Valenciana,19.2,0.96,50.8,-0.93,0
2021-11-01,2021,11,Comunitat Valenciana,13.7,0.23,53.9,-0.1,0
2021-12-01,2021,12,Comunitat Valenciana,13.2,2.76,9.4,-2.32,0
2022-01-01,2022,1,Comunitat Valenciana,10.0,0.24,15.5,-0.56,0
2022-02-01,2022,2,Comunitat Valenciana,12.0,1.25,20.8,-0.93,0
2022-03-01,2022,3,Comunitat Valenciana,12.5,-0.06,260.6,3.0,0
2022-04-01,2022,4,Comunitat Valenciana,14.3,-0.56,84.8,1.44,0
2022-05-01,2022,5,Comunitat Valenciana,19.2,0.9,50.0,-0.27,0
2022-06-01,2022,6,Comunitat Valenciana,24.4,2.43,14.0,-1.76,5
2022-07-01,2022,7,Comunitat Valenciana,26.7,1.55,36.1,-0.35,9
2022-08-01,2022,8,Comunitat Valenciana,27.9,2.85,1.3,-2.35,18
2022-09-01,2022,9,Comunitat Valenciana,24.3,1.8,36.1,-1.58,4
2022-10-01,2022,10,Comunitat Valenciana,20.0,1.78,67.2,-1.01,0
2022-11-01,2022,11,Comunitat Valenciana,16.7,3.17,36.4,-2.3,0
2022-12-01,2022,12,Comunitat Valenciana,13.9,3.4,27.6,-2.25,0
2023-01-01,2023,1,Comunitat Valenciana,10.7,0.9,3.4,-1.26,0
2023-02-01,2023,2,Comunitat Valenciana,9.4,-1.32,26.0,0.74,0
2023-03-01,2023,3,Comunitat Valenciana,15.7,3.12,3.1,-2.79,0
2023-04-01,2023,4,Comunitat Valenciana,17.1,2.2,1.8,-2.29,1
2023-05-01,2023,5,Comunitat Valenciana,18.8,0.55,65.6,0.33,0
2023-06-01,2023,6,Comunitat Valenciana,23.6,1.62,21.0,-1.1,1
2023-07-01,2023,7,Comunitat Valenciana,27.4,2.16,10.5,-1.36,5
2023-08-01,2023,8,Comunitat Valenciana,27.1,2.07,50.0,-0.66,9
2023-09-01,2023,9,Comunitat Valenciana,23.2,0.67,116.0,1.1,0
2023-10-01,2023,10,Comunitat Valenciana,21.3,3.04,9.1,-3.0,0
2023-11-01,2023,11,Comunitat Valenciana,17.2,3.67,1.1,-3.0,0
2023-12-01,2023,12,Comunitat Valenciana,12.6,2.08,5.2,-2.02,0
2024-01-01,2024,1,Comunitat Valenciana,12.8,3.0,21.6,-2.07,0
2024-02-01,2024,2,Comunitat Valenciana,13.6,2.84,12.4,-2.09,0
2024-03-01,2024,3,Comunitat Valenciana,14.5,1.98,33.8,-1.34,0
2024-04-01,2024,4,Comunitat Valenciana,16.2,1.28,6.0,-1.63,0
2024-05-01,2024,5,Comunitat Valenciana,19.8,1.57,9.8,-1.68,0
2024-06-01,2024,6,Comunitat Valenciana,23.1,1.11,20.4,-0.81,1
2024-07-01,2024,7,Comunitat Valenciana,26.0,0.82,18.9,-0.34,8
2024-08-01,2024,8,Comunitat Valenciana,27.3,2.25,2.5,-1.96,10
2024-09-01,2024,9,Comunitat Valenciana,22.7,0.15,95.4,0.89,3
2024-10-01,2024,10,Comunitat Valenciana,20.0,1.8,184.7,1.91,2
2024-11-01,2024,11,Comunitat Valenciana,15.8,2.29,117.7,0.26,0
2024-12-01,2024,12,Comunitat Valenciana,11.8,1.29,26.4,-1.02,0
1961-01-01,1961,1,Euskadi,8.6,-0.11,133.1,0.6,0
1961-02-01,1961,2,Euskadi,11.9,2.6,26.8,-3.0,0
1961-03-01,1961,3,Euskadi,11.2,1.12,11.7,-2.88,0
1961-04-01,1961,4,Euskadi,14.2,2.85,105.3,-1.77,0
1961-05-01,1961,5,Euskadi,15.5,1.6,69.8,-1.55,0
1961-06-01,1961,6,Euskadi,17.5,0.9,53.4,-1.04,0
1961-07-01,1961,7,Euskadi,19.2,0.27,74.7,0.2,0
1961-08-01,1961,8,Euskadi,18.9,-0.35,36.7,-0.38,0
1961-09-01,1961,9,Euskadi,20.6,2.28,95.4,-0.84,1
1961-10-01,1961,10,Euskadi,16.1,0.44,196.2,2.14,0
1961-11-01,1961,11,Euskadi,11.2,-0.52,172.4,1.32,0
1961-12-01,1961,12,Euskadi,11.5,2.08,52.1,-2.79,0
1962-01-01,1962,1,Euskadi,9.6,0.9,112.5,-0.52,0
1962-02-01,1962,2,Euskadi,8.1,-1.17,153.6,2.04,0
1962-03-01,1962,3,Euskadi,9.4,-0.67,81.9,-0.05,0
1962-04-01,1962,4,Euskadi,11.2,-0.21,89.3,-0.33,0
1962-05-01,1962,5,Euskadi,14.0,0.06,124.7,0.75,0
1962-06-01,1962,6,Euskadi,16.6,0.03,41.7,-0.81,0
1962-07-01,1962,7,Euskadi,18.9,0.03,19.9,-1.02,1
1962-08-01,1962,8,Euskadi,20.0,0.79,16.0,-1.58,0
1962-09-01,1962,9,Euskadi,19.2,0.91,67.0,-0.73,0
1962-10-01,1962,10,Euskadi,16.4,0.74,112.7,-0.12,0
1962-11-01,1962,11,Euskadi,9.9,-1.78,135.0,1.14,0
1962-12-01,1962,12,Euskadi,7.5,-1.91,185.2,2.94,0
1963-01-01,1963,1,Euskadi,6.6,-2.08,75.1,0.33,0
1963-02-01,1963,2,Euskadi,6.4,-2.84,79.4,1.19,0
1963-03-01,1963,3,Euskadi,11.2,1.13,139.3,0.31,0
1963-04-01,1963,4,Euskadi,11.5,0.14,63.7,-1.18,0
1963-05-01,1963,5,Euskadi,12.8,-1.12,48.6,-0.45,0
1963-06-01,1963,6,Euskadi,16.7,0.07,61.5,-0.34,0
1963-07-01,1963,7,Euskadi,19.3,0.35,65.9,-0.07,0
1963-08-01,1963,8,Euskadi,17.9,-1.39,100.3,1.83,0
1963-09-01,1963,9,Euskadi,17.0,-1.32,103.5,1.52,0
1963-10-01,1963,10,Euskadi,15.7,0.02,36.8,-1.59,0
1963-11-01,1963,11,Euskadi,13.7,1.98,146.4,-0.83,0
1963-12-01,1963,12,Euskadi,7.6,-1.74,54.4,-0.44,0
1964-01-01,1964,1,Euskadi,7.5,-1.15,29.1,-1.38,0
1964-02-01,1964,2,Euskadi,9.5,0.21,99.1,-0.15,0
1964-03-01,1964,3,Euskadi,10.1,0.06,121.9,0.52,0
1964-04-01,1964,4,Euskadi,11.5,0.1,105.7,-0.11,0
1964-05-01,1964,5,Euskadi,16.1,2.18,55.0,-2.27,0
1964-06-01,1964,6,Euskadi,17.6,0.96,53.1,-1.08,0
1964-07-01,1964,7,Euskadi,19.6,0.66,15.1,-1.52,0
1964-08-01,1964,8,Euskadi,20.0,0.7,28.1,-1.23,1
1964-09-01,1964,9,Euskadi,20.2,1.86,55.2,-1.6,0
1964-10-01,1964,10,Euskadi,13.7,-1.93,139.4,2.15,0
1964-11-01,1964,11,Euskadi,10.7,-0.94,66.0,-1.09,0
1964-12-01,1964,12,Euskadi,7.8,-1.6,181.7,2.66,0
1965-01-01,1965,1,Euskadi,8.0,-0.69,143.1,1.19,0
1965-02-01,1965,2,Euskadi,6.2,-3.05,67.6,1.02,0
1965-03-01,1965,3,Euskadi,10.6,0.6,113.7,-0.01,0
1965-04-01,1965,4,Euskadi,11.1,-0.26,163.0,1.54,0
1965-05-01,1965,5,Euskadi,14.5,0.58,47.2,-1.5,0
1965-06-01,1965,6,Euskadi,16.7,0.09,73.0,-0.06,0
1965-07-01,1965,7,Euskadi,18.0,-0.89,36.5,-0.06,0
1965-08-01,1965,8,Euskadi,18.9,-0.4,50.0,-0.02,0
1965-09-01,1965,9,Euskadi,16.4,-1.93,141.9,2.84,0
1965-10-01,1965,10,Euskadi,16.8,1.11,48.8,-1.94,0
1965-11-01,1965,11,Euskadi,11.6,-0.11,136.5,0.18,0
1965-12-01,1965,12,Euskadi,10.4,0.99,180.3,1.07,0
1966-01-01,1966,1,Euskadi,10.0,1.3,75.2,-1.7,0
1966-02-01,1966,2,Euskadi,12.7,3.41,109.6,-1.8,0
1966-03-01,1966,3,Euskadi,9.2,-0.86,85.1,0.15,0
1966-04-01,1966,4,Euskadi,13.3,1.95,91.6,-1.57,0
1966-05-01,1966,5,Euskadi,14.2,0.24,117.8,0.47,0
1966-06-01,1966,6,Euskadi,17.0,0.4,200.1,2.93,0
1966-07-01,1966,7,Euskadi,17.9,-1.0,69.9,0.84,0
1966-08-01,1966,8,Euskadi,19.2,-0.03,56.9,-0.07,0
1966-09-01,1966,9,Euskadi,19.9,1.51,32.7,-1.95,0
1966-10-01,1966,10,Euskadi,15.6,-0.02,196.3,2.42,0
1966-11-01,1966,11,Euskadi,9.6,-2.08,244.5,3.0,0
1966-12-01,1966,12,Euskadi,9.8,0.38,132.0,0.23,0
1967-01-01,1967,1,Euskadi,8.4,-0.31,89.0,-0.39,0
1967-02-01,1967,2,Euskadi,9.6,0.38,26.4,-2.07,0
1967-03-01,1967,3,Euskadi,10.9,0.82,78.9,-1.02,0
1967-04-01,1967,4,Euskadi,10.3,-1.06,81.9,-0.01,0
1967-05-01,1967,5,Euskadi,14.2,0.26,105.2,0.14,0
1967-06-01,1967,6,Euskadi,16.2,-0.45,52.5,-0.25,0
1967-07-01,1967,7,Euskadi,19.5,0.62,55.4,-0.49,0
1967-08-01,1967,8,Euskadi,19.3,0.05,59.9,-0.04,0
1967-09-01,1967,9,Euskadi,18.1,-0.21,77.9,0.21,0
1967-10-01,1967,10,Euskadi,17.1,1.48,99.3,-0.9,0
1967-11-01,1967,11,Euskadi,12.0,0.32,199.5,1.49,0
1967-12-01,1967,12,Euskadi,7.6,-1.8,215.7,3.0,0
1968-01-01,1968,1,Euskadi,8.9,0.25,128.5,0.27,0
1968-02-01,1968,2,Euskadi,9.7,0.39,100.0,-0.23,0
1968-03-01,1968,3,Euskadi,9.4,-0.6,126.6,1.03,0
1968-04-01,1968,4,Euskadi,11.9,0.56,123.3,0.06,0
1968-05-01,1968,5,Euskadi,13.0,-0.96,110.2,1.0,0
1968-06-01,1968,6,Euskadi,16.5,-0.11,39.6,-0.78,1
1968-07-01,1968,7,Euskadi,19.0,0.08,66.0,0.1,1
1968-08-01,1968,8,Euskadi,19.2,-0.07,107.3,1.22,0
1968-09-01,1968,9,Euskadi,18.0,-0.38,80.2,0.37,0
1968-10-01,1968,10,Euskadi,17.6,1.92,33.5,-2.81,0
1968-11-01,1968,11,Euskadi,13.0,1.28,88.0,-1.87,0
1968-12-01,1968,12,Euskadi,9.9,0.53,141.3,0.37,0
1969-01-01,1969,1,Euskadi,9.6,0.93,42.1,-2.3,0
1969-02-01,1969,2,Euskadi,7.3,-1.92,75.5,0.54,0
1969-03-01,1969,3,Euskadi,10.3,0.21,125.6,0.52,0
1969-04-01,1969,4,Euskadi,11.3,-0.12,156.9,1.3,0
1969-05-01,1969,5,Euskadi,14.8,0.89,108.8,-0.15,0
1969-06-01,1969,6,Euskadi,15.6,-0.97,76.3,0.65,0
1969-07-01,1969,7,Euskadi,19.3,0.38,62.8,-0.16,0
1969-08-01,1969,8,Euskadi,19.1,-0.19,62.4,0.17,0
1969-09-01,1969,9,Euskadi,17.1,-1.25,173.6,3.0,0
1969-10-01,1969,10,Euskadi,16.7,1.0,29.0,-2.37,0
1969-11-01,1969,11,Euskadi,11.4,-0.31,83.9,-1.02,0
1969-12-01,1969,12,Euskadi,8.3,-1.13,275.4,3.0,0
1970-01-01,1970,1,Euskadi,10.4,1.66,112.1,-0.99,0
1970-02-01,1970,2,Euskadi,8.7,-0.59,142.2,1.41,0
1970-03-01,1970,3,Euskadi,7.9,-2.17,137.1,2.23,0
1970-04-01,1970,4,Euskadi,10.2,-1.15,104.4,0.61,0
1970-05-01,1970,5,Euskadi,13.8,-0.16,68.8,-0.52,0
1970-06-01,1970,6,Euskadi,17.5,0.93,109.3,0.34,0
1970-07-01,1970,7,Euskadi,18.5,-0.38,52.3,0.03,0
1970-08-01,1970,8,Euskadi,19.2,-0.07,97.5,0.97,0
1970-09-01,1970,9,Euskadi,19.0,0.63,65.9,-0.59,0
1970-10-01,1970,10,Euskadi,14.2,-1.45,122.0,1.42,0
1970-11-01,1970,11,Euskadi,13.7,2.04,105.2,-1.9,0
1970-12-01,1970,12,Euskadi,7.1,-2.26,77.0,0.44,0
1971-01-01,1971,1,Euskadi,8.1,-0.62,98.3,0.03,0
1971-02-01,1971,2,Euskadi,8.2,-1.08,93.3,0.48,0
1971-03-01,1971,3,Euskadi,7.0,-3.02,123.8,2.41,0
1971-04-01,1971,4,Euskadi,12.6,1.21,121.6,-0.38,0
1971-05-01,1971,5,Euskadi,13.7,-0.22,224.3,3.0,0
1971-06-01,1971,6,Euskadi,15.5,-1.06,102.7,1.37,0
1971-07-01,1971,7,Euskadi,19.9,1.02,88.0,0.08,0
1971-08-01,1971,8,Euskadi,19.3,0.02,65.6,0.12,0
1971-09-01,1971,9,Euskadi,17.7,-0.69,69.8,0.3,0
1971-10-01,1971,10,Euskadi,17.0,1.3,40.0,-2.28,0
1971-11-01,1971,11,Euskadi,9.7,-1.95,261.8,3.0,0
1971-12-01,1971,12,Euskadi,8.8,-0.56,101.6,0.04,0
1972-01-01,1972,1,Euskadi,7.5,-1.17,159.9,1.9,0
1972-02-01,1972,2,Euskadi,9.0,-0.22,132.4,0.94,0
1972-03-01,1972,3,Euskadi,10.3,0.26,106.7,0.02,0
1972-04-01,1972,4,Euskadi,10.6,-0.8,188.1,2.49,0
1972-05-01,1972,5,Euskadi,12.3,-1.59,187.9,3.0,0
1972-06-01,1972,6,Euskadi,14.5,-2.1,110.4,2.19,0
1972-07-01,1972,7,Euskadi,18.0,-0.89,59.4,0.52,0
1972-08-01,1972,8,Euskadi,17.7,-1.61,104.0,2.06,0
1972-09-01,1972,9,Euskadi,15.6,-2.76,98.8,2.27,0
1972-10-01,1972,10,Euskadi,14.8,-0.89,116.5,0.95,0
1972-11-01,1972,11,Euskadi,12.2,0.55,56.1,-2.23,0
1972-12-01,1972,12,Euskadi,9.7,0.29,104.1,-0.41,0
1973-01-01,1973,1,Euskadi,8.3,-0.39,97.4,-0.13,0
1973-02-01,1973,2,Euskadi,7.6,-1.67,169.5,2.74,0
1973-03-01,1973,3,Euskadi,8.8,-1.24,70.5,0.01,0
1973-04-01,1973,4,Euskadi,10.2,-1.14,100.6,0.51,0
1973-05-01,1973,5,Euskadi,15.2,1.23,109.9,-0.32,0
1973-06-01,1973,6,Euskadi,16.6,0.03,107.0,0.82,0
1973-07-01,1973,7,Euskadi,18.3,-0.59,125.0,1.98,0
1973-08-01,1973,8,Euskadi,20.4,1.18,52.6,-0.9,0
1973-09-01,1973,9,Euskadi,18.7,0.4,134.4,1.26,0
1973-10-01,1973,10,Euskadi,14.2,-1.4,86.3,0.5,0
1973-11-01,1973,11,Euskadi,10.9,-0.77,62.2,-1.29,0
1973-12-01,1973,12,Euskadi,8.6,-0.83,134.3,1.02,0
1974-01-01,1974,1,Euskadi,10.7,2.03,65.9,-2.37,0
1974-02-01,1974,2,Euskadi,9.0,-0.29,148.4,1.39,0
1974-03-01,1974,3,Euskadi,9.9,-0.12,185.0,2.2,0
1974-04-01,1974,4,Euskadi,10.6,-0.75,112.6,0.57,0
1974-05-01,1974,5,Euskadi,13.9,-0.06,96.3,0.11,0
1974-06-01,1974,6,Euskadi,16.8,0.23,58.0,-0.52,0
1974-07-01,1974,7,Euskadi,18.2,-0.67,77.7,0.84,0
1974-08-01,1974,8,Euskadi,19.0,-0.3,81.7,0.71,0
1974-09-01,1974,9,Euskadi,17.0,-1.31,89.7,1.17,0
1974-10-01,1974,10,Euskadi,11.5,-4.18,247.2,3.0,0
1974-11-01,1974,11,Euskadi,11.6,-0.09,160.3,0.76,0
1974-12-01,1974,12,Euskadi,9.9,0.53,50.9,-1.89,0
1975-01-01,1975,1,Euskadi,9.9,1.2,88.7,-1.3,0
1975-02-01,1975,2,Euskadi,10.3,1.06,25.5,-2.5,0
1975-03-01,1975,3,Euskadi,8.9,-1.17,195.5,3.0,0
1975-04-01,1975,4,Euskadi,10.7,-0.68,159.4,1.7,0
1975-05-01,1975,5,Euskadi,12.9,-1.06,108.5,1.02,0
1975-06-01,1975,6,Euskadi,16.6,-0.01,50.5,-0.57,0
1975-07-01,1975,7,Euskadi,19.5,0.55,14.4,-1.47,0
1975-08-01,1975,8,Euskadi,20.2,0.92,73.0,-0.24,0
1975-09-01,1975,9,Euskadi,17.9,-0.43,122.3,1.45,0
1975-10-01,1975,10,Euskadi,15.0,-0.66,95.7,0.29,0
1975-11-01,1975,11,Euskadi,11.0,-0.72,202.4,2.19,0
1975-12-01,1975,12,Euskadi,6.8,-2.55,94.8,1.06,0
1976-01-01,1976,1,Euskadi,7.3,-1.4,80.0,0.04,0
1976-02-01,1976,2,Euskadi,9.4,0.16,107.7,0.1,0
1976-03-01,1976,3,Euskadi,9.6,-0.45,78.1,-0.27,0
1976-04-01,1976,4,Euskadi,10.3,-1.13,160.0,1.99,0
1976-05-01,1976,5,Euskadi,13.6,-0.34,43.1,-1.05,0
1976-06-01,1976,6,Euskadi,18.5,1.91,35.8,-2.09,0
1976-07-01,1976,7,Euskadi,19.8,0.89,78.2,-0.08,0
1976-08-01,1976,8,Euskadi,20.0,0.71,90.0,0.32,0
1976-09-01,1976,9,Euskadi,17.3,-1.0,100.2,1.24,0
1976-10-01,1976,10,Euskadi,14.7,-1.0,137.0,1.53,0
1976-11-01,1976,11,Euskadi,10.1,-1.56,99.0,0.11,0
1976-12-01,1976,12,Euskadi,8.9,-0.45,91.6,-0.28,0
1977-01-01,1977,1,Euskadi,8.3,-0.37,94.9,-0.2,0
1977-02-01,1977,2,Euskadi,11.4,2.1,85.6,-1.62,0
1977-03-01,1977,3,Euskadi,11.8,1.73,99.3,-1.05,0
1977-04-01,1977,4,Euskadi,10.7,-0.66,112.3,0.51,0
1977-05-01,1977,5,Euskadi,12.5,-1.44,221.9,3.0,0
1977-06-01,1977,6,Euskadi,14.9,-1.71,198.4,3.0,0
1977-07-01,1977,7,Euskadi,17.4,-1.47,119.3,2.36,0
1977-08-01,1977,8,Euskadi,17.6,-1.65,77.1,1.41,0
1977-09-01,1977,9,Euskadi,17.3,-1.05,14.8,-0.86,0
1977-10-01,1977,10,Euskadi,16.3,0.69,57.6,-1.47,0
1977-11-01,1977,11,Euskadi,11.2,-0.45,99.2,-0.55,0
1977-12-01,1977,12,Euskadi,11.1,1.66,81.3,-1.8,0
1978-01-01,1978,1,Euskadi,7.5,-1.19,228.9,3.0,0
1978-02-01,1978,2,Euskadi,10.6,1.32,96.3,-0.88,0
1978-03-01,1978,3,Euskadi,10.5,0.49,115.6,0.1,0
1978-04-01,1978,4,Euskadi,10.5,-0.85,165.2,1.95,0
1978-05-01,1978,5,Euskadi,13.1,-0.85,151.2,1.96,0
1978-06-01,1978,6,Euskadi,15.4,-1.19,117.4,1.81,0
1978-07-01,1978,7,Euskadi,17.6,-1.26,32.9,0.07,0
1978-08-01,1978,8,Euskadi,18.6,-0.63,24.6,-0.52,0
1978-09-01,1978,9,Euskadi,18.1,-0.2,22.3,-1.18,0
1978-10-01,1978,10,Euskadi,15.2,-0.44,128.2,0.97,0
1978-11-01,1978,11,Euskadi,11.7,0.06,76.2,-1.43,0
1978-12-01,1978,12,Euskadi,11.3,1.91,86.0,-1.84,0
1979-01-01,1979,1,Euskadi,8.9,0.19,189.0,1.81,0
1979-02-01,1979,2,Euskadi,9.6,0.32,91.5,-0.4,0
1979-03-01,1979,3,Euskadi,9.9,-0.16,123.2,0.68,0
1979-04-01,1979,4,Euskadi,10.8,-0.54,173.1,1.96,0
1979-05-01,1979,5,Euskadi,13.6,-0.28,59.7,-0.67,0
1979-06-01,1979,6,Euskadi,16.4,-0.21,37.5,-0.77,0
1979-07-01,1979,7,Euskadi,18.9,0.03,90.6,0.74,0
1979-08-01,1979,8,Euskadi,18.7,-0.57,65.2,0.46,0
1979-09-01,1979,9,Euskadi,17.8,-0.5,100.8,0.96,0
1979-10-01,1979,10,Euskadi,16.0,0.34,117.9,0.25,0
1979-11-01,1979,11,Euskadi,10.6,-1.08,146.2,1.0,0
1979-12-01,1979,12,Euskadi,10.1,0.74,128.1,-0.08,0
1980-01-01,1980,1,Euskadi,8.4,-0.34,112.7,0.22,0
1980-02-01,1980,2,Euskadi,10.5,1.26,46.5,-2.09,0
1980-03-01,1980,3,Euskadi,9.9,-0.15,119.5,0.58,0
1980-04-01,1980,4,Euskadi,10.7,-0.67,120.7,0.73,0
1980-05-01,1980,5,Euskadi,13.1,-0.8,181.7,2.69,0
1980-06-01,1980,6,Euskadi,15.8,-0.81,98.9,1.12,0
1980-07-01,1980,7,Euskadi,17.2,-1.65,43.4,0.57,0
1980-08-01,1980,8,Euskadi,19.8,0.51,55.6,-0.42,0
1980-09-01,1980,9,Euskadi,19.0,0.68,51.7,-0.98,0
1980-10-01,1980,10,Euskadi,14.9,-0.77,141.8,1.51,0
1980-11-01,1980,11,Euskadi,11.1,-0.63,115.5,-0.04,0
1980-12-01,1980,12,Euskadi,7.7,-1.65,172.4,2.46,0
1981-01-01,1981,1,Euskadi,8.1,-0.55,158.2,1.49,0
1981-02-01,1981,2,Euskadi,7.7,-1.56,93.2,0.77,0
1981-03-01,1981,3,Euskadi,12.8,2.72,81.8,-2.08,0
1981-04-01,1981,4,Euskadi,11.5,0.15,114.2,0.07,0
1981-05-01,1981,5,Euskadi,14.3,0.41,90.9,-0.31,0
1981-06-01,1981,6,Euskadi,16.7,0.08,37.0,-0.96,0
1981-07-01,1981,7,Euskadi,17.9,-0.98,82.0,1.13,0
1981-08-01,1981,8,Euskadi,19.6,0.32,41.3,-0.67,0
1981-09-01,1981,9,Euskadi,18.4,0.08,97.1,0.52,0
1981-10-01,1981,10,Euskadi,15.4,-0.27,116.8,0.58,0
1981-11-01,1981,11,Euskadi,12.2,0.5,22.4,-3.0,0
1981-12-01,1981,12,Euskadi,10.8,1.4,172.3,0.63,0
1982-01-01,1982,1,Euskadi,11.0,2.3,90.6,-1.91,0
1982-02-01,1982,2,Euskadi,10.0,0.76,98.8,-0.48,0
1982-03-01,1982,3,Euskadi,10.0,-0.08,106.6,0.22,0
1982-04-01,1982,4,Euskadi,11.5,0.14,15.7,-2.38,0
1982-05-01,1982,5,Euskadi,14.3,0.42,76.5,-0.67,0
1982-06-01,1982,6,Euskadi,17.8,1.24,71.6,-0.79,0
1982-07-01,1982,7,Euskadi,19.6,0.7,47.5,-0.74,0
1982-08-01,1982,8,Euskadi,18.8,-0.49,83.0,0.86,0
1982-09-01,1982,9,Euskadi,19.2,0.83,69.2,-0.63,0
1982-10-01,1982,10,Euskadi,14.9,-0.76,132.8,1.28,0
1982-11-01,1982,11,Euskadi,12.5,0.77,130.0,-0.52,0
1982-12-01,1982,12,Euskadi,9.5,0.09,211.2,2.39,0
1983-01-01,1983,1,Euskadi,8.8,0.14,29.4,-2.15,0
1983-02-01,1983,2,Euskadi,7.2,-2.02,131.9,2.01,0
1983-03-01,1983,3,Euskadi,10.3,0.27,134.4,0.7,0
1983-04-01,1983,4,Euskadi,12.1,0.7,100.1,-0.61,0
1983-05-01,1983,5,Euskadi,13.2,-0.73,94.9,0.48,0
1983-06-01,1983,6,Euskadi,17.3,0.65,39.6,-1.23,0
1983-07-01,1983,7,Euskadi,20.5,1.57,174.3,1.91,0
1983-08-01,1983,8,Euskadi,19.4,0.12,195.5,3.0,0
1983-09-01,1983,9,Euskadi,19.0,0.7,37.6,-1.34,0
1983-10-01,1983,10,Euskadi,16.0,0.38,46.8,-1.56,0
1983-11-01,1983,11,Euskadi,14.4,2.68,48.8,-3.0,0
1983-12-01,1983,12,Euskadi,9.8,0.44,52.3,-1.8,0
1984-01-01,1984,1,Euskadi,9.1,0.36,166.1,1.14,0
1984-02-01,1984,2,Euskadi,7.6,-1.67,156.4,2.41,0
1984-03-01,1984,3,Euskadi,8.4,-1.61,69.4,0.21,0
1984-04-01,1984,4,Euskadi,12.9,1.47,65.3,-1.94,0
1984-05-01,1984,5,Euskadi,11.4,-2.49,178.4,3.0,0
1984-06-01,1984,6,Euskadi,16.2,-0.4,77.4,0.34,0
1984-07-01,1984,7,Euskadi,18.9,0.01,31.7,-0.72,0
1984-08-01,1984,8,Euskadi,18.8,-0.47,62.9,0.35,0
1984-09-01,1984,9,Euskadi,17.2,-1.11,73.5,0.64,0
1984-10-01,1984,10,Euskadi,14.9,-0.75,142.2,1.51,0
1984-11-01,1984,11,Euskadi,12.8,1.12,142.6,-0.41,0
1984-12-01,1984,12,Euskadi,9.6,0.2,84.1,-0.86,0
1985-01-01,1985,1,Euskadi,6.0,-2.69,118.5,1.78,0
1985-02-01,1985,2,Euskadi,10.9,1.6,52.4,-2.15,0
1985-03-01,1985,3,Euskadi,9.2,-0.89,130.7,1.31,0
1985-04-01,1985,4,Euskadi,12.4,0.97,81.3,-1.24,0
1985-05-01,1985,5,Euskadi,12.9,-0.98,107.0,0.93,0
1985-06-01,1985,6,Euskadi,16.7,0.11,72.9,-0.08,0
1985-07-01,1985,7,Euskadi,19.7,0.79,74.7,-0.11,0
1985-08-01,1985,8,Euskadi,18.8,-0.48,29.2,-0.49,0
1985-09-01,1985,9,Euskadi,19.7,1.37,6.8,-2.51,0
1985-10-01,1985,10,Euskadi,16.7,1.05,45.1,-2.0,0
1985-11-01,1985,11,Euskadi,10.2,-1.52,164.0,1.71,0
1985-12-01,1985,12,Euskadi,10.1,0.7,65.8,-1.61,0
1986-01-01,1986,1,Euskadi,9.0,0.29,161.4,1.06,0
1986-02-01,1986,2,Euskadi,7.9,-1.34,120.1,1.31,0
1986-03-01,1986,3,Euskadi,10.1,0.02,73.8,-0.66,0
1986-04-01,1986,4,Euskadi,8.6,-2.79,172.1,3.0,0
1986-05-01,1986,5,Euskadi,14.2,0.24,68.0,-0.78,0
1986-06-01,1986,6,Euskadi,16.4,-0.22,57.1,-0.28,0
1986-07-01,1986,7,Euskadi,18.7,-0.24,26.1,-0.71,0
1986-08-01,1986,8,Euskadi,18.6,-0.65,62.2,0.44,0
1986-09-01,1986,9,Euskadi,18.1,-0.21,117.6,1.21,0
1986-10-01,1986,10,Euskadi,16.2,0.59,38.7,-1.88,0
1986-11-01,1986,11,Euskadi,11.8,0.11,65.2,-1.74,0
1986-12-01,1986,12,Euskadi,10.0,0.66,120.5,-0.22,0
1987-01-01,1987,1,Euskadi,7.1,-1.56,106.0,0.79,0
1987-02-01,1987,2,Euskadi,8.5,-0.78,133.4,1.31,0
1987-03-01,1987,3,Euskadi,10.3,0.26,80.3,-0.64,0
1987-04-01,1987,4,Euskadi,13.6,2.24,56.0,-2.64,0
1987-05-01,1987,5,Euskadi,13.4,-0.5,21.9,-1.48,0
1987-06-01,1987,6,Euskadi,16.3,-0.35,82.1,0.43,0
1987-07-01,1987,7,Euskadi,18.8,-0.06,68.6,0.25,0
1987-08-01,1987,8,Euskadi,19.9,0.65,59.8,-0.4,0
1987-09-01,1987,9,Euskadi,20.7,2.38,89.3,-1.06,1
1987-10-01,1987,10,Euskadi,16.2,0.57,112.6,-0.02,0
1987-11-01,1987,11,Euskadi,11.9,0.23,150.3,0.32,0
1987-12-01,1987,12,Euskadi,11.5,2.14,33.9,-3.0,0
1988-01-01,1988,1,Euskadi,11.1,2.35,124.2,-1.1,0
1988-02-01,1988,2,Euskadi,9.4,0.12,133.5,0.77,0
1988-03-01,1988,3,Euskadi,9.9,-0.1,81.4,-0.4,0
1988-04-01,1988,4,Euskadi,12.6,1.17,167.3,0.79,0
1988-05-01,1988,5,Euskadi,14.8,0.88,88.6,-0.65,0
1988-06-01,1988,6,Euskadi,16.8,0.18,115.0,0.93,0
1988-07-01,1988,7,Euskadi,18.3,-0.57,86.1,0.99,0
1988-08-01,1988,8,Euskadi,19.4,0.15,76.5,0.31,0
1988-09-01,1988,9,Euskadi,18.0,-0.34,115.1,1.22,0
1988-10-01,1988,10,Euskadi,16.6,0.91,25.4,-2.41,0
1988-11-01,1988,11,Euskadi,12.7,0.99,23.3,-3.0,0
1988-12-01,1988,12,Euskadi,9.3,-0.12,54.9,-1.4,0
1989-01-01,1989,1,Euskadi,8.5,-0.2,32.7,-1.86,0
1989-02-01,1989,2,Euskadi,9.9,0.63,77.0,-0.95,0
1989-03-01,1989,3,Euskadi,11.9,1.85,65.3,-1.97,0
1989-04-01,1989,4,Euskadi,10.7,-0.66,206.7,2.87,0
1989-05-01,1989,5,Euskadi,16.0,2.12,70.5,-1.84,0
1989-06-01,1989,6,Euskadi,17.9,1.33,22.3,-2.08,0
1989-07-01,1989,7,Euskadi,20.4,1.55,55.9,-1.04,0
1989-08-01,1989,8,Euskadi,20.7,1.39,37.6,-1.4,0
1989-09-01,1989,9,Euskadi,18.3,-0.05,51.8,-0.54,0
1989-10-01,1989,10,Euskadi,16.8,1.13,33.8,-2.33,0
1989-11-01,1989,11,Euskadi,13.9,2.21,94.2,-2.27,0
1989-12-01,1989,12,Euskadi,13.2,3.85,39.0,-3.0,0
1990-01-01,1990,1,Euskadi,9.6,0.91,86.9,-1.17,0
1990-02-01,1990,2,Euskadi,13.1,3.87,41.7,-3.0,0
1990-03-01,1990,3,Euskadi,11.8,1.76,45.7,-2.41,0
1990-04-01,1990,4,Euskadi,11.2,-0.19,184.9,2.05,0
1990-05-01,1990,5,Euskadi,16.4,2.45,55.6,-2.41,0
1990-06-01,1990,6,Euskadi,17.1,0.47,102.6,0.45,0
1990-07-01,1990,7,Euskadi,20.1,1.16,26.6,-1.53,0
1990-08-01,1990,8,Euskadi,21.1,1.85,43.3,-1.54,0
1990-09-01,1990,9,Euskadi,19.5,1.16,44.0,-1.46,0
1990-10-01,1990,10,Euskadi,16.5,0.85,144.4,0.6,0
1990-11-01,1990,11,Euskadi,11.4,-0.33,108.6,-0.39,0
1990-12-01,1990,12,Euskadi,7.4,-1.99,110.6,1.12,0
1991-01-01,1991,1,Euskadi,8.7,-0.01,77.0,-0.87,0
1991-02-01,1991,2,Euskadi,8.0,-1.27,70.8,0.03,0
1991-03-01,1991,3,Euskadi,11.5,1.41,96.6,-0.93,0
1991-04-01,1991,4,Euskadi,10.4,-0.97,142.9,1.46,0
1991-05-01,1991,5,Euskadi,12.8,-1.1,151.5,2.12,0
1991-06-01,1991,6,Euskadi,16.1,-0.49,32.0,-0.74,0
1991-07-01,1991,7,Euskadi,19.4,0.53,31.5,-1.03,0
1991-08-01,1991,8,Euskadi,21.3,1.99,20.4,-2.19,0
1991-09-01,1991,9,Euskadi,20.2,1.89,85.9,-0.85,0
1991-10-01,1991,10,Euskadi,13.8,-1.88,74.8,0.5,0
1991-11-01,1991,11,Euskadi,11.6,-0.05,174.2,1.08,0
1991-12-01,1991,12,Euskadi,9.1,-0.31,24.0,-2.05,0
1992-01-01,1992,1,Euskadi,7.0,-1.68,39.7,-0.8,0
1992-02-01,1992,2,Euskadi,8.6,-0.63,21.7,-1.58,0
1992-03-01,1992,3,Euskadi,9.9,-0.17,147.2,1.29,0
1992-04-01,1992,4,Euskadi,11.3,-0.05,87.3,-0.48,0
1992-05-01,1992,5,Euskadi,16.0,2.09,69.3,-1.85,0
1992-06-01,1992,6,Euskadi,15.5,-1.1,182.3,3.0,0
1992-07-01,1992,7,Euskadi,19.6,0.68,54.6,-0.55,0
1992-08-01,1992,8,Euskadi,20.6,1.39,99.9,0.15,0
1992-09-01,1992,9,Euskadi,17.7,-0.68,74.6,0.41,0
1992-10-01,1992,10,Euskadi,13.2,-2.41,345.7,3.0,0
1992-11-01,1992,11,Euskadi,13.7,1.99,76.1,-2.59,0
1992-12-01,1992,12,Euskadi,10.4,1.01,150.3,0.31,0
1993-01-01,1993,1,Euskadi,9.8,1.15,6.0,-3.0,0
1993-02-01,1993,2,Euskadi,8.6,-0.71,69.3,-0.34,0
1993-03-01,1993,3,Euskadi,10.5,0.43,61.2,-1.22,0
1993-04-01,1993,4,Euskadi,12.0,0.6,126.7,0.12,0
1993-05-01,1993,5,Euskadi,15.0,1.08,107.6,-0.29,0
1993-06-01,1993,6,Euskadi,17.5,0.87,98.7,0.11,0
1993-07-01,1993,7,Euskadi,18.1,-0.81,92.0,1.28,0
1993-08-01,1993,8,Euskadi,19.7,0.46,75.4,0.1,0
1993-09-01,1993,9,Euskadi,16.9,-1.45,70.0,0.76,0
1993-10-01,1993,10,Euskadi,13.9,-1.79,93.9,0.92,0
1993-11-01,1993,11,Euskadi,10.6,-1.05,59.2,-1.19,0
1993-12-01,1993,12,Euskadi,10.9,1.47,160.6,0.29,0
1994-01-01,1994,1,Euskadi,9.1,0.41,113.9,-0.2,0
1994-02-01,1994,2,Euskadi,10.0,0.73,55.2,-1.56,0
1994-03-01,1994,3,Euskadi,11.7,1.63,43.3,-2.39,0
1994-04-01,1994,4,Euskadi,10.7,-0.66,160.7,1.72,0
1994-05-01,1994,5,Euskadi,15.2,1.27,65.5,-1.46,0
1994-06-01,1994,6,Euskadi,17.0,0.37,68.6,-0.34,0
1994-07-01,1994,7,Euskadi,20.0,1.11,40.6,-1.15,0
1994-08-01,1994,8,Euskadi,20.5,1.28,26.2,-1.62,0
1994-09-01,1994,9,Euskadi,17.0,-1.3,102.4,1.48,0
1994-10-01,1994,10,Euskadi,15.8,0.12,110.4,0.19,0
1994-11-01,1994,11,Euskadi,13.6,1.95,65.1,-2.85,0
1994-12-01,1994,12,Euskadi,11.1,1.69,115.9,-0.96,0
1995-01-01,1995,1,Euskadi,9.9,1.19,190.6,1.25,0
1995-02-01,1995,2,Euskadi,11.0,1.79,117.4,-0.64,0
1995-03-01,1995,3,Euskadi,10.4,0.32,91.7,-0.4,0
1995-04-01,1995,4,Euskadi,11.3,-0.07,62.5,-1.09,0
1995-05-01,1995,5,Euskadi,15.5,1.61,66.3,-1.64,0
1995-06-01,1995,6,Euskadi,16.9,0.34,13.4,-1.7,0
1995-07-01,1995,7,Euskadi,20.6,1.71,77.0,-0.6,1
1995-08-01,1995,8,Euskadi,20.4,1.17,41.1,-1.18,0
1995-09-01,1995,9,Euskadi,17.0,-1.38,53.6,0.31,0
1995-10-01,1995,10,Euskadi,18.1,2.49,28.4,-3.0,0
1995-11-01,1995,11,Euskadi,13.1,1.45,75.4,-2.29,0
1995-12-01,1995,12,Euskadi,10.7,1.32,111.3,-0.85,0
1996-01-01,1996,1,Euskadi,11.6,2.9,49.5,-3.0,0
1996-02-01,1996,2,Euskadi,7.8,-1.43,163.6,2.45,0
1996-03-01,1996,3,Euskadi,10.7,0.63,71.2,-1.09,0
1996-04-01,1996,4,Euskadi,12.1,0.76,63.8,-1.55,0
1996-05-01,1996,5,Euskadi,14.3,0.34,80.8,-0.52,0
1996-06-01,1996,6,Euskadi,17.7,1.09,68.6,-0.77,0
1996-07-01,1996,7,Euskadi,18.9,-0.01,105.0,1.13,0
1996-08-01,1996,8,Euskadi,18.7,-0.59,139.5,2.33,0
1996-09-01,1996,9,Euskadi,16.8,-1.55,84.1,1.17,0
1996-10-01,1996,10,Euskadi,15.1,-0.58,101.6,0.39,0
1996-11-01,1996,11,Euskadi,11.5,-0.18,206.1,1.96,0
1996-12-01,1996,12,Euskadi,9.8,0.44,166.8,1.07,0
1997-01-01,1997,1,Euskadi,9.1,0.44,128.6,0.15,0
1997-02-01,1997,2,Euskadi,11.6,2.39,27.6,-3.0,0
1997-03-01,1997,3,Euskadi,12.1,2.09,21.7,-3.0,0
1997-04-01,1997,4,Euskadi,12.8,1.45,49.1,-2.33,0
1997-05-01,1997,5,Euskadi,16.1,2.15,103.2,-1.04,0
1997-06-01,1997,6,Euskadi,17.3,0.66,85.3,-0.1,0
1997-07-01,1997,7,Euskadi,18.1,-0.76,114.1,1.8,0
1997-08-01,1997,8,Euskadi,21.0,1.72,104.2,0.06,0
1997-09-01,1997,9,Euskadi,19.5,1.12,64.2,-0.93,0
1997-10-01,1997,10,Euskadi,17.7,2.08,40.5,-2.73,0
1997-11-01,1997,11,Euskadi,13.1,1.4,140.9,-0.62,0
1997-12-01,1997,12,Euskadi,10.6,1.21,100.6,-1.05,0
1998-01-01,1998,1,Euskadi,10.4,1.67,60.2,-2.29,0
1998-02-01,1998,2,Euskadi,10.9,1.62,67.3,-1.79,0
1998-03-01,1998,3,Euskadi,11.7,1.61,67.6,-1.77,0
1998-04-01,1998,4,Euskadi,11.6,0.23,131.3,0.45,0
1998-05-01,1998,5,Euskadi,15.0,1.1,72.8,-1.17,0
1998-06-01,1998,6,Euskadi,17.3,0.69,52.3,-0.94,1
1998-07-01,1998,7,Euskadi,18.7,-0.25,86.2,0.8,0
1998-08-01,1998,8,Euskadi,20.2,0.94,17.8,-1.63,0
1998-09-01,1998,9,Euskadi,18.8,0.41,114.5,0.76,0
1998-10-01,1998,10,Euskadi,14.6,-1.01,176.9,2.53,0
1998-11-01,1998,11,Euskadi,11.2,-0.51,134.6,0.37,0
1998-12-01,1998,12,Euskadi,9.2,-0.15,62.7,-1.18,0
1999-01-01,1999,1,Euskadi,9.4,0.67,109.0,-0.47,0
1999-02-01,1999,2,Euskadi,8.3,-0.98,127.1,1.27,0
1999-03-01,1999,3,Euskadi,10.9,0.85,63.6,-1.42,0
1999-04-01,1999,4,Euskadi,12.2,0.85,90.7,-0.93,0
1999-05-01,1999,5,Euskadi,16.0,2.04,98.5,-1.09,0
1999-06-01,1999,6,Euskadi,16.8,0.22,52.0,-0.67,0
1999-07-01,1999,7,Euskadi,19.5,0.61,107.1,0.81,0
1999-08-01,1999,8,Euskadi,20.5,1.22,35.3,-1.36,0
1999-09-01,1999,9,Euskadi,19.8,1.48,112.8,0.07,0
1999-10-01,1999,10,Euskadi,16.1,0.44,52.3,-1.45,0
1999-11-01,1999,11,Euskadi,10.3,-1.34,181.8,2.05,0
1999-12-01,1999,12,Euskadi,9.5,0.14,134.2,0.43,0
2000-01-01,2000,1,Euskadi,7.4,-1.26,34.7,-1.17,0
2000-02-01,2000,2,Euskadi,10.8,1.56,54.0,-2.08,0
2000-03-01,2000,3,Euskadi,10.1,0.0,87.8,-0.3,0
2000-04-01,2000,4,Euskadi,12.2,0.78,142.7,0.41,0
2000-05-01,2000,5,Euskadi,15.6,1.65,76.1,-1.42,0
2000-06-01,2000,6,Euskadi,18.0,1.43,60.1,-1.19,0
2000-07-01,2000,7,Euskadi,18.9,-0.03,74.3,0.37,0
2000-08-01,2000,8,Euskadi,20.0,0.78,39.6,-0.99,0
2000-09-01,2000,9,Euskadi,18.9,0.58,49.1,-0.98,0
2000-10-01,2000,10,Euskadi,14.9,-0.78,156.0,1.87,0
2000-11-01,2000,11,Euskadi,11.8,0.12,160.6,0.64,0
2000-12-01,2000,12,Euskadi,12.3,2.86,77.9,-2.61,0
2001-01-01,2001,1,Euskadi,10.6,1.93,156.6,-0.04,0
2001-02-01,2001,2,Euskadi,9.6,0.3,41.1,-1.65,0
2001-03-01,2001,3,Euskadi,13.4,3.34,114.9,-1.63,0
2001-04-01,2001,4,Euskadi,11.5,0.1,100.7,-0.23,0
2001-05-01,2001,5,Euskadi,14.8,0.84,44.5,-1.72,0
2001-06-01,2001,6,Euskadi,17.6,0.96,21.7,-1.87,0
2001-07-01,2001,7,Euskadi,18.8,-0.08,122.2,1.6,0
2001-08-01,2001,8,Euskadi,20.6,1.33,51.8,-1.01,0
2001-09-01,2001,9,Euskadi,17.5,-0.88,49.7,-0.09,0
2001-10-01,2001,10,Euskadi,18.6,2.93,54.0,-2.91,0
2001-11-01,2001,11,Euskadi,10.2,-1.45,159.4,1.55,0
2001-12-01,2001,12,Euskadi,7.3,-2.05,29.3,-0.88,0
2002-01-01,2002,1,Euskadi,10.4,1.66,43.7,-2.7,0
2002-02-01,2002,2,Euskadi,10.7,1.43,113.3,-0.52,0
2002-03-01,2002,3,Euskadi,11.6,1.54,33.5,-2.58,0
2002-04-01,2002,4,Euskadi,11.8,0.43,72.6,-1.13,0
2002-05-01,2002,5,Euskadi,14.3,0.36,102.6,0.02,0
2002-06-01,2002,6,Euskadi,16.9,0.27,54.3,-0.64,0
2002-07-01,2002,7,Euskadi,17.9,-0.97,79.1,1.06,0
2002-08-01,2002,8,Euskadi,18.3,-0.93,107.8,1.74,0
2002-09-01,2002,9,Euskadi,18.1,-0.23,55.4,-0.34,0
2002-10-01,2002,10,Euskadi,16.5,0.89,77.5,-1.09,0
2002-11-01,2002,11,Euskadi,13.3,1.57,94.6,-1.88,0
2002-12-01,2002,12,Euskadi,12.0,2.6,168.2,-0.19,0
2003-01-01,2003,1,Euskadi,8.6,-0.09,172.2,1.56,0
2003-02-01,2003,2,Euskadi,8.5,-0.77,91.3,0.25,0
2003-03-01,2003,3,Euskadi,12.6,2.6,43.4,-2.97,0
2003-04-01,2003,4,Euskadi,13.6,2.24,63.0,-2.46,0
2003-05-01,2003,5,Euskadi,14.8,0.87,126.1,0.3,0
2003-06-01,2003,6,Euskadi,20.0,3.34,66.4,-2.18,0
2003-07-01,2003,7,Euskadi,20.1,1.21,45.9,-1.08,0
2003-08-01,2003,8,Euskadi,22.9,3.64,61.9,-2.15,1
2003-09-01,2003,9,Euskadi,19.4,1.04,73.4,-0.65,0
2003-10-01,2003,10,Euskadi,14.9,-0.74,127.1,1.12,0
2003-11-01,2003,11,Euskadi,13.1,1.44,109.2,-1.44,0
2003-12-01,2003,12,Euskadi,10.2,0.78,107.2,-0.63,0
2004-01-01,2004,1,Euskadi,10.1,1.39,133.8,-0.29,0
2004-02-01,2004,2,Euskadi,8.5,-0.73,95.6,0.33,0
2004-03-01,2004,3,Euskadi,9.4,-0.66,113.8,0.75,0
2004-04-01,2004,4,Euskadi,11.3,-0.12,95.3,-0.24,0
2004-05-01,2004,5,Euskadi,13.9,-0.06,59.6,-0.81,0
2004-06-01,2004,6,Euskadi,18.5,1.93,44.4,-1.88,0
2004-07-01,2004,7,Euskadi,19.1,0.18,61.7,-0.07,0
2004-08-01,2004,8,Euskadi,20.9,1.62,61.9,-0.93,0
2004-09-01,2004,9,Euskadi,19.1,0.79,64.7,-0.72,0
2004-10-01,2004,10,Euskadi,17.1,1.49,91.0,-1.12,0
2004-11-01,2004,11,Euskadi,11.1,-0.62,138.2,0.52,0
2004-12-01,2004,12,Euskadi,9.5,0.13,135.3,0.46,0
2005-01-01,2005,1,Euskadi,8.4,-0.31,107.1,0.07,0
2005-02-01,2005,2,Euskadi,6.5,-2.72,132.6,2.45,0
2005-03-01,2005,3,Euskadi,10.6,0.59,67.8,-1.15,0
2005-04-01,2005,4,Euskadi,12.3,0.92,138.4,0.22,0
2005-05-01,2005,5,Euskadi,15.5,1.57,62.2,-1.72,0
2005-06-01,2005,6,Euskadi,19.2,2.62,29.4,-2.67,0
2005-07-01,2005,7,Euskadi,20.3,1.4,22.0,-1.79,1
2005-08-01,2005,8,Euskadi,20.0,0.74,43.4,-0.87,0
2005-09-01,2005,9,Euskadi,18.4,0.08,49.8,-0.66,0
2005-10-01,2005,10,Euskadi,17.9,2.2,89.1,-1.59,0
2005-11-01,2005,11,Euskadi,11.5,-0.17,188.1,1.5,0
2005-12-01,2005,12,Euskadi,7.8,-1.61,116.5,1.04,0
2006-01-01,2006,1,Euskadi,8.0,-0.72,78.0,-0.42,0
2006-02-01,2006,2,Euskadi,7.4,-1.83,75.5,0.49,0
2006-03-01,2006,3,Euskadi,12.1,2.08,131.7,-0.45,0
2006-04-01,2006,4,Euskadi,12.2,0.82,97.8,-0.74,0
2006-05-01,2006,5,Euskadi,15.4,1.45,53.8,-1.86,0
2006-06-01,2006,6,Euskadi,18.7,2.09,63.1,-1.51,0
2006-07-01,2006,7,Euskadi,21.8,2.95,63.4,-1.69,1
2006-08-01,2006,8,Euskadi,19.5,0.25,45.8,-0.51,0
2006-09-01,2006,9,Euskadi,20.2,1.91,63.6,-1.42,0
2006-10-01,2006,10,Euskadi,18.7,3.01,69.0,-2.58,0
2006-11-01,2006,11,Euskadi,14.7,2.98,91.7,-2.8,0
2006-12-01,2006,12,Euskadi,9.7,0.29,62.9,-1.44,0
2007-01-01,2007,1,Euskadi,9.8,1.11,84.6,-1.35,0
2007-02-01,2007,2,Euskadi,11.5,2.23,108.6,-1.12,0
2007-03-01,2007,3,Euskadi,10.2,0.16,230.2,3.0,0
2007-04-01,2007,4,Euskadi,13.2,1.84,81.7,-1.75,0
2007-05-01,2007,5,Euskadi,15.0,1.12,120.5,0.01,0
2007-06-01,2007,6,Euskadi,17.6,0.96,61.6,-0.87,0
2007-07-01,2007,7,Euskadi,18.8,-0.13,43.0,-0.35,0
2007-08-01,2007,8,Euskadi,19.1,-0.2,90.3,0.87,0
2007-09-01,2007,9,Euskadi,17.3,-1.06,64.5,0.39,0
2007-10-01,2007,10,Euskadi,14.9,-0.71,92.8,0.25,0
2007-11-01,2007,11,Euskadi,10.0,-1.71,56.3,-0.87,0
2007-12-01,2007,12,Euskadi,9.0,-0.38,54.5,-1.25,0
2008-01-01,2008,1,Euskadi,10.5,1.77,58.0,-2.41,0
2008-02-01,2008,2,Euskadi,11.2,1.96,29.2,-2.94,0
2008-03-01,2008,3,Euskadi,10.5,0.42,181.8,1.8,0
2008-04-01,2008,4,Euskadi,12.2,0.78,90.0,-0.91,0
2008-05-01,2008,5,Euskadi,15.2,1.3,184.0,1.49,0
2008-06-01,2008,6,Euskadi,17.0,0.43,122.0,0.96,0
2008-07-01,2008,7,Euskadi,18.8,-0.06,34.7,-0.6,0
2008-08-01,2008,8,Euskadi,19.3,0.08,35.1,-0.68,0
2008-09-01,2008,9,Euskadi,17.8,-0.59,43.4,-0.42,0
2008-10-01,2008,10,Euskadi,14.8,-0.88,165.6,2.17,0
2008-11-01,2008,11,Euskadi,10.8,-0.85,192.6,2.02,0
2008-12-01,2008,12,Euskadi,8.8,-0.57,143.6,1.09,0
2009-01-01,2009,1,Euskadi,8.3,-0.42,156.9,1.38,0
2009-02-01,2009,2,Euskadi,8.3,-0.94,65.8,-0.29,0
2009-03-01,2009,3,Euskadi,9.9,-0.17,95.2,-0.01,0
2009-04-01,2009,4,Euskadi,11.3,-0.09,93.6,-0.3,0
2009-05-01,2009,5,Euskadi,14.7,0.77,64.1,-1.19,0
2009-06-01,2009,6,Euskadi,18.3,1.74,36.6,-1.96,0
2009-07-01,2009,7,Euskadi,19.9,0.96,24.5,-1.47,0
2009-08-01,2009,8,Euskadi,20.4,1.12,34.7,-1.31,1
2009-09-01,2009,9,Euskadi,18.4,0.03,57.5,-0.44,0
2009-10-01,2009,10,Euskadi,16.7,1.03,50.8,-1.85,0
2009-11-01,2009,11,Euskadi,13.6,1.97,199.5,0.5,0
2009-12-01,2009,12,Euskadi,9.4,-0.0,115.5,0.05,0
2010-01-01,2010,1,Euskadi,7.8,-0.88,187.7,2.42,0
2010-02-01,2010,2,Euskadi,8.5,-0.81,72.3,-0.2,0
2010-03-01,2010,3,Euskadi,10.2,0.18,60.3,-1.1,0
2010-04-01,2010,4,Euskadi,12.7,1.29,41.3,-2.43,0
2010-05-01,2010,5,Euskadi,13.7,-0.22,94.0,0.15,0
2010-06-01,2010,6,Euskadi,16.9,0.26,125.8,1.15,0
2010-07-01,2010,7,Euskadi,19.8,0.94,24.4,-1.46,0
2010-08-01,2010,8,Euskadi,19.9,0.63,31.2,-1.11,0
2010-09-01,2010,9,Euskadi,18.2,-0.19,45.8,-0.6,0
2010-10-01,2010,10,Euskadi,15.4,-0.26,87.6,-0.15,0
2010-11-01,2010,11,Euskadi,11.2,-0.52,138.4,0.47,0
2010-12-01,2010,12,Euskadi,8.1,-1.26,119.7,0.91,0
2011-01-01,2011,1,Euskadi,8.9,0.22,62.1,-1.38,0
2011-02-01,2011,2,Euskadi,9.9,0.61,122.7,0.2,0
2011-03-01,2011,3,Euskadi,10.8,0.79,101.0,-0.44,0
2011-04-01,2011,4,Euskadi,14.8,3.38,55.0,-3.0,0
2011-05-01,2011,5,Euskadi,16.2,2.27,60.6,-2.18,0
2011-06-01,2011,6,Euskadi,17.3,0.65,55.9,-0.83,1
2011-07-01,2011,7,Euskadi,18.1,-0.77,74.0,0.81,0
2011-08-01,2011,8,Euskadi,20.0,0.73,45.0,-0.82,1
2011-09-01,2011,9,Euskadi,19.8,1.45,26.1,-2.08,0
2011-10-01,2011,10,Euskadi,17.0,1.34,37.9,-2.35,0
2011-11-01,2011,11,Euskadi,14.5,2.8,108.1,-2.28,0
2011-12-01,2011,12,Euskadi,10.8,1.4,106.8,-1.01,0
2012-01-01,2012,1,Euskadi,9.3,0.59,90.2,-0.9,0
2012-02-01,2012,2,Euskadi,6.3,-2.97,121.4,2.32,0
2012-03-01,2012,3,Euskadi,11.1,1.01,30.6,-2.34,0
2012-04-01,2012,4,Euskadi,10.7,-0.65,204.5,2.81,0
2012-05-01,2012,5,Euskadi,15.3,1.41,72.9,-1.36,0
2012-06-01,2012,6,Euskadi,17.8,1.23,57.0,-1.15,0
2012-07-01,2012,7,Euskadi,18.5,-0.36,23.5,-0.7,0
2012-08-01,2012,8,Euskadi,21.0,1.78,19.5,-2.09,0
2012-09-01,2012,9,Euskadi,18.8,0.42,57.0,-0.69,0
2012-10-01,2012,10,Euskadi,16.0,0.33,135.0,0.68,0
2012-11-01,2012,11,Euskadi,12.3,0.66,126.7,-0.53,0
2012-12-01,2012,12,Euskadi,11.0,1.59,75.1,-1.92,0
2013-01-01,2013,1,Euskadi,9.4,0.67,234.3,2.66,0
2013-02-01,2013,2,Euskadi,8.4,-0.89,243.6,3.0,0
2013-03-01,2013,3,Euskadi,10.9,0.84,121.3,0.03,0
2013-04-01,2013,4,Euskadi,11.8,0.44,133.6,0.38,0
2013-05-01,2013,5,Euskadi,12.2,-1.72,100.8,1.22,0
2013-06-01,2013,6,Euskadi,15.5,-1.06,138.9,2.27,0
2013-07-01,2013,7,Euskadi,21.3,2.41,31.6,-2.16,0
2013-08-01,2013,8,Euskadi,20.0,0.75,27.7,-1.27,0
2013-09-01,2013,9,Euskadi,19.1,0.77,62.3,-0.77,0
2013-10-01,2013,10,Euskadi,17.8,2.15,50.9,-2.52,0
2013-11-01,2013,11,Euskadi,11.5,-0.15,273.4,3.0,0
2013-12-01,2013,12,Euskadi,9.8,0.38,66.2,-1.41,0
2014-01-01,2014,1,Euskadi,11.0,2.26,148.9,-0.43,0
2014-02-01,2014,2,Euskadi,10.0,0.76,104.3,-0.35,0
2014-03-01,2014,3,Euskadi,11.0,0.99,146.8,0.58,0
2014-04-01,2014,4,Euskadi,13.3,1.93,66.5,-2.19,0
2014-05-01,2014,5,Euskadi,13.9,0.02,62.6,-0.78,0
2014-06-01,2014,6,Euskadi,17.9,1.34,28.4,-1.93,0
2014-07-01,2014,7,Euskadi,19.3,0.4,60.8,-0.22,1
2014-08-01,2014,8,Euskadi,19.4,0.12,68.1,0.12,0
2014-09-01,2014,9,Euskadi,20.3,1.95,47.4,-1.85,0
2014-10-01,2014,10,Euskadi,18.6,2.9,47.2,-3.0,0
2014-11-01,2014,11,Euskadi,14.2,2.52,113.8,-1.97,0
2014-12-01,2014,12,Euskadi,9.9,0.48,175.7,1.26,0
2015-01-01,2015,1,Euskadi,8.8,0.09,154.7,1.02,0
2015-02-01,2015,2,Euskadi,7.5,-1.77,274.8,3.0,0
2015-03-01,2015,3,Euskadi,10.1,0.1,142.5,1.01,0
2015-04-01,2015,4,Euskadi,13.5,2.13,55.4,-2.58,0
2015-05-01,2015,5,Euskadi,15.2,1.26,55.5,-1.7,0
2015-06-01,2015,6,Euskadi,18.3,1.68,51.8,-1.55,0
2015-07-01,2015,7,Euskadi,20.6,1.71,47.7,-1.34,0
2015-08-01,2015,8,Euskadi,20.5,1.27,89.5,-0.03,0
2015-09-01,2015,9,Euskadi,17.3,-1.03,53.9,0.1,0
2015-10-01,2015,10,Euskadi,16.1,0.43,76.2,-0.85,0
2015-11-01,2015,11,Euskadi,14.0,2.31,116.5,-1.78,0
2015-12-01,2015,12,Euskadi,12.8,3.45,18.2,-3.0,0
2016-01-01,2016,1,Euskadi,11.3,2.56,132.4,-1.02,0
2016-02-01,2016,2,Euskadi,9.9,0.6,202.5,2.21,0
2016-03-01,2016,3,Euskadi,9.8,-0.24,191.2,2.43,0
2016-04-01,2016,4,Euskadi,11.8,0.39,79.3,-0.94,0
2016-05-01,2016,5,Euskadi,15.1,1.19,76.0,-1.15,0
2016-06-01,2016,6,Euskadi,17.5,0.87,61.9,-0.81,0
2016-07-01,2016,7,Euskadi,19.9,1.04,22.8,-1.56,0
2016-08-01,2016,8,Euskadi,21.1,1.82,15.8,-2.21,0
2016-09-01,2016,9,Euskadi,19.6,1.28,63.5,-1.04,0
2016-10-01,2016,10,Euskadi,16.1,0.48,31.4,-2.0,0
2016-11-01,2016,11,Euskadi,11.9,0.23,146.3,0.22,0
2016-12-01,2016,12,Euskadi,11.1,1.72,20.5,-3.0,0
2017-01-01,2017,1,Euskadi,6.5,-2.23,125.3,1.67,0
2017-02-01,2017,2,Euskadi,10.6,1.3,92.2,-0.97,0
2017-03-01,2017,3,Euskadi,11.9,1.83,79.5,-1.61,0
2017-04-01,2017,4,Euskadi,12.3,0.88,53.4,-1.88,0
2017-05-01,2017,5,Euskadi,17.0,3.06,62.6,-2.6,2
2017-06-01,2017,6,Euskadi,19.6,3.04,67.3,-1.98,3
2017-07-01,2017,7,Euskadi,20.2,1.29,27.2,-1.6,3
2017-08-01,2017,8,Euskadi,20.6,1.37,78.3,-0.37,3
2017-09-01,2017,9,Euskadi,17.2,-1.14,81.6,0.86,0
2017-10-01,2017,10,Euskadi,16.8,1.12,26.1,-2.52,0
2017-11-01,2017,11,Euskadi,11.2,-0.49,104.7,-0.39,0
2017-12-01,2017,12,Euskadi,8.7,-0.74,205.2,2.73,0
2018-01-01,2018,1,Euskadi,9.5,0.84,185.8,1.34,0
2018-02-01,2018,2,Euskadi,6.7,-2.58,197.2,3.0,0
2018-03-01,2018,3,Euskadi,10.2,0.11,118.5,0.4,0
2018-04-01,2018,4,Euskadi,13.9,2.54,121.2,-1.19,0
2018-05-01,2018,5,Euskadi,14.5,0.54,86.7,-0.49,0
2018-06-01,2018,6,Euskadi,18.3,1.68,89.8,-0.6,0
2018-07-01,2018,7,Euskadi,21.1,2.16,90.0,-0.55,0
2018-08-01,2018,8,Euskadi,20.9,1.65,53.3,-1.17,1
2018-09-01,2018,9,Euskadi,20.0,1.71,38.5,-1.92,1
2018-10-01,2018,10,Euskadi,15.1,-0.55,113.8,0.68,0
2018-11-01,2018,11,Euskadi,12.3,0.66,114.6,-0.83,0
2018-12-01,2018,12,Euskadi,10.8,1.45,50.5,-2.45,0
2019-01-01,2019,1,Euskadi,7.5,-1.18,193.5,2.75,0
2019-02-01,2019,2,Euskadi,10.4,1.18,50.5,-1.94,0
2019-03-01,2019,3,Euskadi,11.1,1.09,51.1,-1.87,0
2019-04-01,2019,4,Euskadi,12.3,0.96,97.4,-0.83,0
2019-05-01,2019,5,Euskadi,13.7,-0.21,126.4,0.95,0
2019-06-01,2019,6,Euskadi,17.9,1.3,61.8,-1.07,4
2019-07-01,2019,7,Euskadi,20.9,2.03,76.5,-0.81,3
2019-08-01,2019,8,Euskadi,20.8,1.54,56.7,-1.02,2
2019-09-01,2019,9,Euskadi,19.0,0.64,70.5,-0.48,0
2019-10-01,2019,10,Euskadi,16.8,1.17,152.5,0.61,0
2019-11-01,2019,11,Euskadi,11.4,-0.24,277.9,3.0,0
2019-12-01,2019,12,Euskadi,10.6,1.22,109.8,-0.83,0
2020-01-01,2020,1,Euskadi,9.4,0.73,41.6,-2.2,0
2020-02-01,2020,2,Euskadi,12.0,2.72,54.7,-2.76,0
2020-03-01,2020,3,Euskadi,10.8,0.71,134.1,0.43,0
2020-04-01,2020,4,Euskadi,14.6,3.23,98.2,-2.17,0
2020-05-01,2020,5,Euskadi,17.5,3.58,74.5,-2.62,0
2020-06-01,2020,6,Euskadi,17.7,1.11,91.0,-0.23,0
2020-07-01,2020,7,Euskadi,20.6,1.66,25.4,-1.86,1
2020-08-01,2020,8,Euskadi,21.5,2.28,60.8,-1.36,4
2020-09-01,2020,9,Euskadi,19.7,1.31,70.2,-0.89,4
2020-10-01,2020,10,Euskadi,14.5,-1.11,193.7,3.0,0
2020-11-01,2020,11,Euskadi,13.4,1.74,44.4,-3.0,0
2020-12-01,2020,12,Euskadi,10.1,0.72,179.4,1.21,0
2021-01-01,2021,1,Euskadi,7.9,-0.76,131.0,0.93,0
2021-02-01,2021,2,Euskadi,12.1,2.87,142.3,-0.66,0
2021-03-01,2021,3,Euskadi,11.0,0.98,57.7,-1.64,0
2021-04-01,2021,4,Euskadi,12.4,0.97,60.5,-1.76,0
2021-05-01,2021,5,Euskadi,14.5,0.58,74.5,-0.82,0
2021-06-01,2021,6,Euskadi,18.2,1.62,112.0,-0.01,1
2021-07-01,2021,7,Euskadi,19.1,0.18,71.7,0.18,1
2021-08-01,2021,8,Euskadi,19.6,0.29,26.8,-1.01,0
2021-09-01,2021,9,Euskadi,20.0,1.7,100.0,-0.38,4
2021-10-01,2021,10,Euskadi,15.4,-0.3,72.1,-0.52,0
2021-11-01,2021,11,Euskadi,10.3,-1.37,315.3,3.0,0
2021-12-01,2021,12,Euskadi,11.0,1.61,245.5,2.33,0
2022-01-01,2022,1,Euskadi,7.9,-0.79,120.3,0.68,0
2022-02-01,2022,2,Euskadi,9.5,0.28,49.1,-1.44,0
2022-03-01,2022,3,Euskadi,11.8,1.79,113.9,-0.72,0
2022-04-01,2022,4,Euskadi,11.9,0.5,126.1,0.16,0
2022-05-01,2022,5,Euskadi,16.7,2.81,33.9,-3.0,1
2022-06-01,2022,6,Euskadi,19.6,3.02,57.2,-2.22,4
2022-07-01,2022,7,Euskadi,22.1,3.23,9.7,-3.0,9
2022-08-01,2022,8,Euskadi,22.3,3.01,48.3,-2.11,4
2022-09-01,2022,9,Euskadi,19.5,1.13,75.3,-0.66,5
2022-10-01,2022,10,Euskadi,19.6,3.93,21.1,-3.0,0
2022-11-01,2022,11,Euskadi,13.4,1.71,160.4,-0.32,0
2022-12-01,2022,12,Euskadi,11.9,2.48,117.0,-1.4,0
2023-01-01,2023,1,Euskadi,8.3,-0.36,236.8,3.0,0
2023-02-01,2023,2,Euskadi,7.9,-1.32,74.7,0.16,0
2023-03-01,2023,3,Euskadi,13.0,3.0,68.0,-2.6,0
2023-04-01,2023,4,Euskadi,13.5,2.1,61.2,-2.42,0
2023-05-01,2023,5,Euskadi,15.8,1.85,67.1,-1.76,0
2023-06-01,2023,6,Euskadi,20.6,4.03,73.0,-2.43,0
2023-07-01,2023,7,Euskadi,20.8,1.86,28.5,-1.91,2
2023-08-01,2023,8,Euskadi,21.4,2.15,64.4,-1.19,4
2023-09-01,2023,9,Euskadi,21.0,2.63,78.9,-1.47,5
2023-10-01,2023,10,Euskadi,18.7,3.04,135.1,-0.94,2
2023-11-01,2023,11,Euskadi,13.5,1.78,203.7,0.72,0
2023-12-01,2023,12,Euskadi,10.4,0.96,130.2,-0.16,0
2024-01-01,2024,1,Euskadi,10.0,1.28,86.3,-1.41,0
2024-02-01,2024,2,Euskadi,11.3,2.0,147.9,0.0,0
2024-03-01,2024,3,Euskadi,11.8,1.79,99.6,-1.08,0
2024-04-01,2024,4,Euskadi,13.3,1.89,82.8,-1.76,0
2024-05-01,2024,5,Euskadi,14.6,0.67,120.3,0.27,0
2024-06-01,2024,6,Euskadi,17.8,1.2,58.0,-1.1,0
2024-07-01,2024,7,Euskadi,20.5,1.6,35.7,-1.57,2
2024-08-01,2024,8,Euskadi,21.4,2.15,48.9,-1.58,2
2024-09-01,2024,9,Euskadi,17.0,-1.31,159.5,2.91,0
2024-10-01,2024,10,Euskadi,16.9,1.2,195.4,1.67,0
2024-11-01,2024,11,Euskadi,13.6,1.94,103.0,-1.89,0
2024-12-01,2024,12,Euskadi,9.8,0.39,127.3,0.11,0
1961-01-01,1961,1,Región de Murcia,9.2,-0.37,12.0,-0.15,0
1961-02-01,1961,2,Región de Murcia,13.3,2.39,3.0,-1.92,0
1961-03-01,1961,3,Región de Murcia,13.2,0.11,6.4,-0.81,0
1961-04-01,1961,4,Región de Murcia,19.1,3.6,11.3,-2.77,0
1961-05-01,1961,5,Región de Murcia,21.8,2.83,16.6,-1.99,5
1961-06-01,1961,6,Región de Murcia,23.5,0.51,6.1,-0.53,6
1961-07-01,1961,7,Región de Murcia,26.4,0.27,0.4,-0.26,18
1961-08-01,1961,8,Región de Murcia,25.3,-0.83,1.3,0.28,7
1961-09-01,1961,9,Región de Murcia,23.8,0.52,27.7,-0.5,3
1961-10-01,1961,10,Región de Murcia,18.8,0.39,17.5,-0.87,0
1961-11-01,1961,11,Región de Murcia,12.9,-0.52,34.7,0.28,0
1961-12-01,1961,12,Región de Murcia,10.8,0.65,14.5,-0.69,0
1962-01-01,1962,1,Región de Murcia,9.9,0.3,4.8,-0.74,0
1962-02-01,1962,2,Región de Murcia,10.9,-0.02,18.7,-0.09,0
1962-03-01,1962,3,Región de Murcia,13.3,0.24,72.5,0.76,0
1962-04-01,1962,4,Región de Murcia,15.9,0.4,36.6,-0.21,0
1962-05-01,1962,5,Región de Murcia,20.0,0.96,41.5,-0.24,1
1962-06-01,1962,6,Región de Murcia,21.9,-1.06,11.6,0.55,4
1962-07-01,1962,7,Región de Murcia,26.7,0.57,1.9,-0.4,22
1962-08-01,1962,8,Región de Murcia,27.2,1.1,1.7,-0.87,27
1962-09-01,1962,9,Región de Murcia,25.2,1.9,10.9,-1.75,15
1962-10-01,1962,10,Región de Murcia,19.4,1.0,24.7,-1.05,0
1962-11-01,1962,11,Región de Murcia,11.2,-2.17,32.8,1.22,0
1962-12-01,1962,12,Región de Murcia,9.5,-0.65,17.1,0.15,0
1963-01-01,1963,1,Región de Murcia,9.0,-0.6,23.9,0.28,0
1963-02-01,1963,2,Región de Murcia,9.2,-1.71,18.6,0.93,0
1963-03-01,1963,3,Región de Murcia,13.8,0.73,6.3,-1.19,0
1963-04-01,1963,4,Región de Murcia,15.9,0.39,20.6,-0.61,0
1963-05-01,1963,5,Región de Murcia,18.8,-0.25,15.5,-0.17,0
1963-06-01,1963,6,Región de Murcia,23.4,0.43,10.9,-0.36,7
1963-07-01,1963,7,Región de Murcia,26.7,0.57,1.4,-0.41,18
1963-08-01,1963,8,Región de Murcia,26.0,-0.11,11.8,0.11,20
1963-09-01,1963,9,Región de Murcia,21.4,-1.82,65.6,1.85,0
1963-10-01,1963,10,Región de Murcia,18.4,-0.0,3.2,-0.99,0
1963-11-01,1963,11,Región de Murcia,15.0,1.63,7.3,-1.7,0
1963-12-01,1963,12,Región de Murcia,9.6,-0.51,62.9,1.22,0
1964-01-01,1964,1,Región de Murcia,8.7,-0.92,6.8,0.05,0
1964-02-01,1964,2,Región de Murcia,11.5,0.59,10.8,-0.65,0
1964-03-01,1964,3,Región de Murcia,14.0,0.94,23.7,-0.88,0
1964-04-01,1964,4,Región de Murcia,15.1,-0.47,22.0,-0.06,0
1964-05-01,1964,5,Región de Murcia,22.3,3.26,1.7,-2.62,3
1964-06-01,1964,6,Región de Murcia,24.1,1.15,9.7,-0.83,2
1964-07-01,1964,7,Región de Murcia,26.7,0.57,2.2,-0.39,25
1964-08-01,1964,8,Región de Murcia,26.5,0.34,5.6,-0.31,17
1964-09-01,1964,9,Región de Murcia,25.1,1.82,8.0,-1.78,12
1964-10-01,1964,10,Región de Murcia,18.7,0.22,3.5,-1.11,0
1964-11-01,1964,11,Región de Murcia,13.7,0.24,11.5,-0.76,0
1964-12-01,1964,12,Región de Murcia,9.4,-0.74,94.3,2.14,0
1965-01-01,1965,1,Región de Murcia,8.9,-0.71,22.2,0.31,0
1965-02-01,1965,2,Región de Murcia,7.8,-3.14,28.6,2.03,0
1965-03-01,1965,3,Región de Murcia,13.4,0.37,17.2,-0.7,0
1965-04-01,1965,4,Región de Murcia,16.8,1.27,19.0,-1.18,0
1965-05-01,1965,5,Región de Murcia,21.1,2.04,20.6,-1.41,3
1965-06-01,1965,6,Región de Murcia,24.6,1.62,16.3,-0.94,15
1965-07-01,1965,7,Región de Murcia,26.5,0.38,5.1,-0.2,20
1965-08-01,1965,8,Región de Murcia,26.0,-0.11,5.3,-0.05,17
1965-09-01,1965,9,Región de Murcia,21.4,-1.91,13.6,0.6,2
1965-10-01,1965,10,Región de Murcia,18.4,-0.08,118.0,1.93,0
1965-11-01,1965,11,Región de Murcia,12.8,-0.62,21.4,0.01,0
1965-12-01,1965,12,Región de Murcia,10.8,0.59,69.0,0.71,0
1966-01-01,1966,1,Región de Murcia,11.5,1.96,8.1,-1.65,0
1966-02-01,1966,2,Región de Murcia,12.9,1.94,8.6,-1.51,0
1966-03-01,1966,3,Región de Murcia,12.5,-0.57,1.3,-0.53,0
1966-04-01,1966,4,Región de Murcia,17.5,1.96,15.8,-1.67,0
1966-05-01,1966,5,Región de Murcia,20.0,1.0,4.6,-1.19,0
1966-06-01,1966,6,Región de Murcia,24.0,0.99,4.6,-0.86,7
1966-07-01,1966,7,Región de Murcia,25.5,-0.61,3.9,0.36,11
1966-08-01,1966,8,Región de Murcia,26.9,0.72,1.8,-0.63,21
1966-09-01,1966,9,Región de Murcia,23.4,0.16,42.4,0.08,5
1966-10-01,1966,10,Región de Murcia,17.2,-1.27,123.5,2.78,0
1966-11-01,1966,11,Región de Murcia,10.9,-2.54,16.8,1.04,0
1966-12-01,1966,12,Región de Murcia,10.4,0.19,1.0,-0.75,0
1967-01-01,1967,1,Región de Murcia,8.8,-0.76,23.2,0.36,0
1967-02-01,1967,2,Región de Murcia,10.5,-0.45,76.8,1.62,0
1967-03-01,1967,3,Región de Murcia,14.1,1.06,9.7,-1.3,0
1967-04-01,1967,4,Región de Murcia,14.0,-1.51,84.5,2.13,0
1967-05-01,1967,5,Región de Murcia,18.9,-0.13,21.3,-0.09,0
1967-06-01,1967,6,Región de Murcia,20.6,-2.43,75.9,2.98,1
1967-07-01,1967,7,Región de Murcia,27.0,0.86,0.5,-0.61,24
1967-08-01,1967,8,Región de Murcia,26.6,0.48,22.7,0.03,20
1967-09-01,1967,9,Región de Murcia,23.1,-0.18,30.5,-0.01,4
1967-10-01,1967,10,Región de Murcia,20.3,1.81,5.5,-2.02,0
1967-11-01,1967,11,Región de Murcia,14.3,0.93,102.7,1.11,0
1967-12-01,1967,12,Región de Murcia,7.8,-2.4,10.5,1.04,0
1968-01-01,1968,1,Región de Murcia,9.5,-0.09,20.7,-0.1,0
1968-02-01,1968,2,Región de Murcia,10.8,-0.15,25.5,0.16,0
1968-03-01,1968,3,Región de Murcia,11.6,-1.44,75.0,1.83,0
1968-04-01,1968,4,Región de Murcia,15.0,-0.54,27.3,0.12,0
1968-05-01,1968,5,Región de Murcia,18.8,-0.25,31.6,0.24,0
1968-06-01,1968,6,Región de Murcia,22.9,-0.07,17.5,0.1,4
1968-07-01,1968,7,Región de Murcia,26.6,0.49,2.8,-0.33,18
1968-08-01,1968,8,Región de Murcia,26.1,-0.03,8.0,-0.03,14
1968-09-01,1968,9,Región de Murcia,24.0,0.75,5.2,-1.2,6
1968-10-01,1968,10,Región de Murcia,20.2,1.72,2.7,-2.03,0
1968-11-01,1968,11,Región de Murcia,14.2,0.78,27.8,-0.67,0
1968-12-01,1968,12,Región de Murcia,10.9,0.72,34.1,-0.24,0
1969-01-01,1969,1,Región de Murcia,10.5,0.95,24.6,-0.63,0
1969-02-01,1969,2,Región de Murcia,8.9,-2.03,36.2,1.56,0
1969-03-01,1969,3,Región de Murcia,13.1,0.07,36.0,-0.05,0
1969-04-01,1969,4,Región de Murcia,16.0,0.5,57.1,0.24,0
1969-05-01,1969,5,Región de Murcia,19.5,0.46,32.1,-0.18,0
1969-06-01,1969,6,Región de Murcia,22.1,-0.87,20.4,0.65,3
1969-07-01,1969,7,Región de Murcia,25.6,-0.52,0.8,0.23,15
1969-08-01,1969,8,Región de Murcia,25.9,-0.2,16.8,0.29,16
1969-09-01,1969,9,Región de Murcia,21.0,-2.28,33.6,1.32,0
1969-10-01,1969,10,Región de Murcia,17.7,-0.76,96.9,1.81,0
1969-11-01,1969,11,Región de Murcia,12.5,-0.89,82.8,1.7,0
1969-12-01,1969,12,Región de Murcia,9.4,-0.76,14.4,0.15,0
1970-01-01,1970,1,Región de Murcia,10.7,1.17,53.3,-0.05,0
1970-02-01,1970,2,Región de Murcia,11.6,0.61,1.0,-0.91,0
1970-03-01,1970,3,Región de Murcia,11.9,-1.11,32.1,0.56,0
1970-04-01,1970,4,Región de Murcia,15.4,-0.08,31.8,-0.05,0
1970-05-01,1970,5,Región de Murcia,18.8,-0.22,5.7,-0.43,0
1970-06-01,1970,6,Región de Murcia,23.7,0.66,5.6,-0.63,4
1970-07-01,1970,7,Región de Murcia,26.2,0.07,3.8,-0.05,19
1970-08-01,1970,8,Región de Murcia,26.6,0.44,4.9,-0.39,18
1970-09-01,1970,9,Región de Murcia,24.4,1.15,3.0,-1.5,8
1970-10-01,1970,10,Región de Murcia,17.2,-1.2,41.2,0.68,1
1970-11-01,1970,11,Región de Murcia,14.7,1.26,10.3,-1.4,0
1970-12-01,1970,12,Región de Murcia,7.7,-2.48,53.3,2.16,0
1971-01-01,1971,1,Región de Murcia,8.6,-0.97,32.7,0.72,0
1971-02-01,1971,2,Región de Murcia,10.9,-0.01,21.3,-0.03,0
1971-03-01,1971,3,Región de Murcia,10.7,-2.32,58.5,1.95,0
1971-04-01,1971,4,Región de Murcia,14.7,-0.84,51.1,0.89,0
1971-05-01,1971,5,Región de Murcia,17.4,-1.6,78.3,2.21,0
1971-06-01,1971,6,Región de Murcia,22.1,-0.89,11.1,0.43,4
1971-07-01,1971,7,Región de Murcia,26.3,0.2,1.8,-0.18,16
1971-08-01,1971,8,Región de Murcia,28.0,1.89,9.4,-1.15,25
1971-09-01,1971,9,Región de Murcia,23.3,0.01,22.0,-0.34,3
1971-10-01,1971,10,Región de Murcia,18.8,0.36,102.8,1.28,0
1971-11-01,1971,11,Región de Murcia,11.2,-2.24,76.5,2.36,0
1971-12-01,1971,12,Región de Murcia,9.8,-0.4,99.2,2.06,0
1972-01-01,1972,1,Región de Murcia,8.3,-1.32,26.2,0.77,0
1972-02-01,1972,2,Región de Murcia,10.9,-0.08,22.1,0.04,0
1972-03-01,1972,3,Región de Murcia,12.3,-0.76,31.7,0.34,0
1972-04-01,1972,4,Región de Murcia,15.4,-0.09,34.3,0.02,0
1972-05-01,1972,5,Región de Murcia,17.5,-1.52,42.6,1.27,1
1972-06-01,1972,6,Región de Murcia,21.2,-1.8,74.2,2.56,0
1972-07-01,1972,7,Región de Murcia,24.9,-1.24,21.0,1.17,9
1972-08-01,1972,8,Región de Murcia,24.3,-1.81,27.5,1.53,5
1972-09-01,1972,9,Región de Murcia,20.2,-3.03,102.5,3.0,0
1972-10-01,1972,10,Región de Murcia,16.2,-2.25,91.6,2.57,0
1972-11-01,1972,11,Región de Murcia,14.1,0.73,180.1,3.0,0
1972-12-01,1972,12,Región de Murcia,9.2,-1.0,11.6,0.23,0
1973-01-01,1973,1,Región de Murcia,8.9,-0.68,23.6,0.32,0
1973-02-01,1973,2,Región de Murcia,9.4,-1.56,11.9,0.67,0
1973-03-01,1973,3,Región de Murcia,11.1,-1.98,65.3,1.91,0
1973-04-01,1973,4,Región de Murcia,14.3,-1.27,6.2,0.03,0
1973-05-01,1973,5,Región de Murcia,19.4,0.39,8.1,-0.74,0
1973-06-01,1973,6,Región de Murcia,22.3,-0.65,27.7,0.7,2
1973-07-01,1973,7,Región de Murcia,26.2,0.05,2.5,-0.07,16
1973-08-01,1973,8,Región de Murcia,26.0,-0.1,1.8,-0.14,14
1973-09-01,1973,9,Región de Murcia,23.8,0.52,35.4,-0.31,7
1973-10-01,1973,10,Región de Murcia,17.3,-1.1,87.5,1.78,0
1973-11-01,1973,11,Región de Murcia,13.7,0.26,19.3,-0.57,0
1973-12-01,1973,12,Región de Murcia,9.5,-0.65,49.4,0.96,0
1974-01-01,1974,1,Región de Murcia,10.1,0.51,11.7,-0.69,0
1974-02-01,1974,2,Región de Murcia,10.1,-0.8,54.3,1.27,0
1974-03-01,1974,3,Región de Murcia,11.8,-1.27,70.9,1.63,0
1974-04-01,1974,4,Región de Murcia,13.4,-2.17,69.7,2.15,0
1974-05-01,1974,5,Región de Murcia,19.5,0.54,13.8,-0.68,0
1974-06-01,1974,6,Región de Murcia,22.8,-0.18,18.6,0.2,4
1974-07-01,1974,7,Región de Murcia,25.7,-0.45,5.3,0.3,16
1974-08-01,1974,8,Región de Murcia,25.8,-0.38,18.4,0.44,17
1974-09-01,1974,9,Región de Murcia,23.7,0.4,8.9,-0.9,6
1974-10-01,1974,10,Región de Murcia,15.9,-2.51,120.0,3.0,0
1974-11-01,1974,11,Región de Murcia,12.6,-0.79,4.8,-0.31,0
1974-12-01,1974,12,Región de Murcia,10.1,-0.11,1.6,-0.56,0
1975-01-01,1975,1,Región de Murcia,10.4,0.87,6.3,-1.04,0
1975-02-01,1975,2,Región de Murcia,10.9,-0.03,36.7,0.37,0
1975-03-01,1975,3,Región de Murcia,11.5,-1.6,71.6,1.84,0
1975-04-01,1975,4,Región de Murcia,14.5,-1.05,56.7,1.16,0
1975-05-01,1975,5,Región de Murcia,16.7,-2.3,53.5,2.01,0
1975-06-01,1975,6,Región de Murcia,22.0,-0.97,23.9,0.8,2
1975-07-01,1975,7,Región de Murcia,27.3,1.17,2.3,-0.75,25
1975-08-01,1975,8,Región de Murcia,26.4,0.24,21.4,0.14,20
1975-09-01,1975,9,Región de Murcia,22.4,-0.82,7.3,-0.21,3
1975-10-01,1975,10,Región de Murcia,18.3,-0.11,14.0,-0.65,0
1975-11-01,1975,11,Región de Murcia,13.2,-0.22,48.0,0.43,0
1975-12-01,1975,12,Región de Murcia,9.4,-0.8,36.7,0.73,0
1976-01-01,1976,1,Región de Murcia,8.1,-1.46,11.1,0.48,0
1976-02-01,1976,2,Región de Murcia,10.6,-0.34,21.2,0.17,0
1976-03-01,1976,3,Región de Murcia,12.8,-0.26,6.2,-0.6,0
1976-04-01,1976,4,Región de Murcia,13.7,-1.85,76.8,2.14,0
1976-05-01,1976,5,Región de Murcia,18.0,-0.97,81.1,1.91,0
1976-06-01,1976,6,Región de Murcia,23.4,0.39,14.9,-0.24,5
1976-07-01,1976,7,Región de Murcia,26.5,0.34,3.2,-0.23,18
1976-08-01,1976,8,Región de Murcia,25.9,-0.19,25.1,0.49,14
1976-09-01,1976,9,Región de Murcia,22.0,-1.27,22.8,0.45,1
1976-10-01,1976,10,Región de Murcia,17.6,-0.83,13.5,-0.23,0
1976-11-01,1976,11,Región de Murcia,11.9,-1.47,7.3,0.16,0
1976-12-01,1976,12,Región de Murcia,11.9,1.73,44.6,-0.59,0
1977-01-01,1977,1,Región de Murcia,9.9,0.33,90.2,1.38,0
1977-02-01,1977,2,Región de Murcia,12.1,1.12,6.0,-1.09,0
1977-03-01,1977,3,Región de Murcia,14.2,1.15,7.6,-1.41,0
1977-04-01,1977,4,Región de Murcia,16.7,1.15,27.7,-0.89,0
1977-05-01,1977,5,Región de Murcia,18.1,-0.88,51.0,1.1,1
1977-06-01,1977,6,Región de Murcia,22.1,-0.94,13.3,0.52,1
1977-07-01,1977,7,Región de Murcia,24.4,-1.73,33.2,1.76,5
1977-08-01,1977,8,Región de Murcia,23.1,-3.05,45.8,2.73,3
1977-09-01,1977,9,Región de Murcia,21.8,-1.49,21.5,0.55,0
1977-10-01,1977,10,Región de Murcia,18.6,0.12,48.4,0.07,0
1977-11-01,1977,11,Región de Murcia,13.4,0.02,42.3,0.15,0
1977-12-01,1977,12,Región de Murcia,11.7,1.5,27.8,-0.87,0
1978-01-01,1978,1,Región de Murcia,9.4,-0.16,8.5,-0.37,0
1978-02-01,1978,2,Región de Murcia,12.7,1.71,15.5,-1.2,0
1978-03-01,1978,3,Región de Murcia,14.7,1.64,13.7,-1.55,0
1978-04-01,1978,4,Región de Murcia,15.7,0.14,29.9,-0.23,0
1978-05-01,1978,5,Región de Murcia,18.2,-0.85,22.9,0.38,0
1978-06-01,1978,6,Región de Murcia,21.8,-1.18,36.8,1.25,2
1978-07-01,1978,7,Región de Murcia,25.4,-0.75,0.6,0.36,18
1978-08-01,1978,8,Región de Murcia,25.9,-0.22,2.0,-0.07,16
1978-09-01,1978,9,Región de Murcia,24.2,0.9,6.6,-1.26,9
1978-10-01,1978,10,Región de Murcia,17.8,-0.69,12.0,-0.36,0
1978-11-01,1978,11,Región de Murcia,12.7,-0.68,24.9,0.13,0
1978-12-01,1978,12,Región de Murcia,11.4,1.28,22.5,-0.87,0
1979-01-01,1979,1,Región de Murcia,11.4,1.87,75.0,0.08,0
1979-02-01,1979,2,Región de Murcia,11.7,0.79,8.8,-0.82,0
1979-03-01,1979,3,Región de Murcia,13.4,0.31,9.3,-0.86,0
1979-04-01,1979,4,Región de Murcia,15.6,0.04,11.1,-0.64,0
1979-05-01,1979,5,Región de Murcia,19.8,0.74,14.7,-0.78,0
1979-06-01,1979,6,Región de Murcia,23.7,0.68,9.0,-0.56,5
1979-07-01,1979,7,Región de Murcia,25.2,-0.92,29.1,1.18,14
1979-08-01,1979,8,Región de Murcia,26.1,-0.04,0.0,-0.22,14
1979-09-01,1979,9,Región de Murcia,22.3,-0.99,15.0,0.08,1
1979-10-01,1979,10,Región de Murcia,18.4,-0.04,47.3,0.14,0
1979-11-01,1979,11,Región de Murcia,13.2,-0.24,5.2,-0.63,0
1979-12-01,1979,12,Región de Murcia,10.9,0.7,2.5,-1.02,0
1980-01-01,1980,1,Región de Murcia,8.9,-0.66,95.7,2.11,0
1980-02-01,1980,2,Región de Murcia,11.5,0.55,70.3,0.86,0
1980-03-01,1980,3,Región de Murcia,12.8,-0.27,27.0,-0.07,0
1980-04-01,1980,4,Región de Murcia,14.4,-1.13,54.5,1.15,0
1980-05-01,1980,5,Región de Murcia,17.6,-1.37,34.6,0.98,0
1980-06-01,1980,6,Región de Murcia,23.2,0.16,11.9,-0.18,6
1980-07-01,1980,7,Región de Murcia,24.8,-1.39,14.7,1.1,11
1980-08-01,1980,8,Región de Murcia,27.2,1.04,0.1,-0.87,24
1980-09-01,1980,9,Región de Murcia,24.1,0.84,15.1,-1.01,3
1980-10-01,1980,10,Región de Murcia,18.8,0.35,4.3,-1.17,0
1980-11-01,1980,11,Región de Murcia,13.0,-0.36,32.6,0.13,0
1980-12-01,1980,12,Región de Murcia,9.5,-0.63,9.9,-0.04,0
1981-01-01,1981,1,Región de Murcia,9.6,0.01,2.8,-0.61,0
1981-02-01,1981,2,Región de Murcia,10.2,-0.78,7.6,0.09,0
1981-03-01,1981,3,Región de Murcia,16.4,3.33,4.3,-2.8,0
1981-04-01,1981,4,Región de Murcia,15.2,-0.33,89.7,1.55,0
1981-05-01,1981,5,Región de Murcia,18.6,-0.38,25.0,0.15,0
1981-06-01,1981,6,Región de Murcia,23.5,0.52,11.7,-0.4,9
1981-07-01,1981,7,Región de Murcia,24.7,-1.42,0.4,0.76,12
1981-08-01,1981,8,Región de Murcia,25.4,-0.77,10.3,0.47,13
1981-09-01,1981,9,Región de Murcia,24.0,0.78,3.7,-1.26,6
1981-10-01,1981,10,Región de Murcia,20.2,1.72,3.5,-2.01,3
1981-11-01,1981,11,Región de Murcia,15.6,2.17,2.2,-2.15,0
1981-12-01,1981,12,Región de Murcia,12.7,2.49,18.5,-1.69,0
1982-01-01,1982,1,Región de Murcia,11.2,1.63,52.4,-0.34,0
1982-02-01,1982,2,Región de Murcia,11.4,0.5,20.3,-0.36,0
1982-03-01,1982,3,Región de Murcia,13.6,0.49,23.4,-0.62,0
1982-04-01,1982,4,Región de Murcia,15.1,-0.45,24.0,-0.02,0
1982-05-01,1982,5,Región de Murcia,18.5,-0.47,20.6,0.09,1
1982-06-01,1982,6,Región de Murcia,25.1,2.07,2.3,-1.56,13
1982-07-01,1982,7,Región de Murcia,27.9,1.81,0.0,-1.19,29
1982-08-01,1982,8,Región de Murcia,25.5,-0.62,6.7,0.29,12
1982-09-01,1982,9,Región de Murcia,22.8,-0.5,13.2,-0.25,1
1982-10-01,1982,10,Región de Murcia,18.3,-0.1,101.1,1.52,0
1982-11-01,1982,11,Región de Murcia,13.3,-0.13,26.6,-0.16,0
1982-12-01,1982,12,Región de Murcia,9.6,-0.59,5.4,-0.17,0
1983-01-01,1983,1,Región de Murcia,9.4,-0.17,0.4,-0.56,0
1983-02-01,1983,2,Región de Murcia,8.6,-2.38,28.3,1.57,0
1983-03-01,1983,3,Región de Murcia,13.9,0.84,6.8,-1.24,0
1983-04-01,1983,4,Región de Murcia,16.4,0.84,14.1,-1.04,1
1983-05-01,1983,5,Región de Murcia,19.6,0.6,2.1,-1.01,0
1983-06-01,1983,6,Región de Murcia,23.4,0.45,15.0,-0.27,5
1983-07-01,1983,7,Región de Murcia,26.7,0.58,2.6,-0.39,26
1983-08-01,1983,8,Región de Murcia,25.5,-0.65,17.5,0.58,13
1983-09-01,1983,9,Región de Murcia,24.8,1.55,5.7,-1.67,14
1983-10-01,1983,10,Región de Murcia,20.3,1.82,9.6,-1.92,1
1983-11-01,1983,11,Región de Murcia,15.3,1.91,56.7,-0.63,0
1983-12-01,1983,12,Región de Murcia,10.4,0.28,11.5,-0.54,0
1984-01-01,1984,1,Región de Murcia,9.9,0.33,7.8,-0.68,0
1984-02-01,1984,2,Región de Murcia,11.2,0.24,14.0,-0.36,0
1984-03-01,1984,3,Región de Murcia,11.2,-1.87,23.7,0.81,0
1984-04-01,1984,4,Región de Murcia,16.7,1.18,20.2,-1.09,0
1984-05-01,1984,5,Región de Murcia,16.9,-2.15,52.2,1.89,0
1984-06-01,1984,6,Región de Murcia,22.3,-0.69,6.7,0.2,4
1984-07-01,1984,7,Región de Murcia,26.5,0.34,0.0,-0.31,21
1984-08-01,1984,8,Región de Murcia,24.9,-1.22,6.1,0.64,8
1984-09-01,1984,9,Región de Murcia,23.4,0.12,6.8,-0.79,8
1984-10-01,1984,10,Región de Murcia,18.0,-0.43,10.5,-0.55,0
1984-11-01,1984,11,Región de Murcia,14.1,0.72,87.9,0.87,0
1984-12-01,1984,12,Región de Murcia,10.3,0.16,6.9,-0.59,0
1985-01-01,1985,1,Región de Murcia,7.3,-2.27,17.0,1.11,0
1985-02-01,1985,2,Región de Murcia,12.1,1.14,53.1,0.08,0
1985-03-01,1985,3,Región de Murcia,12.0,-1.1,10.9,0.03,0
1985-04-01,1985,4,Región de Murcia,16.7,1.15,8.7,-1.36,0
1985-05-01,1985,5,Región de Murcia,17.8,-1.26,32.8,0.87,0
1985-06-01,1985,6,Región de Murcia,24.2,1.16,4.2,-0.97,7
1985-07-01,1985,7,Región de Murcia,26.6,0.47,0.1,-0.38,25
1985-08-01,1985,8,Región de Murcia,25.8,-0.33,0.0,-0.05,16
1985-09-01,1985,9,Región de Murcia,23.6,0.38,18.1,-0.66,7
1985-10-01,1985,10,Región de Murcia,19.7,1.27,20.2,-1.33,0
1985-11-01,1985,11,Región de Murcia,13.7,0.25,62.4,0.51,0
1985-12-01,1985,12,Región de Murcia,9.9,-0.24,25.6,0.12,0
1986-01-01,1986,1,Región de Murcia,9.7,0.16,4.7,-0.65,0
1986-02-01,1986,2,Región de Murcia,10.5,-0.39,9.6,-0.09,0
1986-03-01,1986,3,Región de Murcia,12.9,-0.13,33.7,0.01,0
1986-04-01,1986,4,Región de Murcia,14.1,-1.39,27.9,0.64,0
1986-05-01,1986,5,Región de Murcia,20.9,1.86,26.0,-1.17,0
1986-06-01,1986,6,Región de Murcia,22.7,-0.3,7.3,-0.02,8
1986-07-01,1986,7,Región de Murcia,25.8,-0.36,11.3,0.39,14
1986-08-01,1986,8,Región de Murcia,27.3,1.12,8.2,-0.71,26
1986-09-01,1986,9,Región de Murcia,24.0,0.73,37.9,-0.37,3
1986-10-01,1986,10,Región de Murcia,18.3,-0.16,165.9,3.0,0
1986-11-01,1986,11,Región de Murcia,13.4,0.01,23.1,-0.33,0
1986-12-01,1986,12,Región de Murcia,9.8,-0.36,5.0,-0.32,0
1987-01-01,1987,1,Región de Murcia,9.4,-0.19,34.1,0.29,0
1987-02-01,1987,2,Región de Murcia,11.0,0.08,32.1,0.19,0
1987-03-01,1987,3,Región de Murcia,13.9,0.88,7.1,-1.26,0
1987-04-01,1987,4,Región de Murcia,17.3,1.8,4.1,-1.87,0
1987-05-01,1987,5,Región de Murcia,19.2,0.15,6.0,-0.64,0
1987-06-01,1987,6,Región de Murcia,23.6,0.59,1.5,-0.69,4
1987-07-01,1987,7,Región de Murcia,25.7,-0.39,11.0,0.41,11
1987-08-01,1987,8,Región de Murcia,26.7,0.53,27.5,0.12,20
1987-09-01,1987,9,Región de Murcia,24.7,1.47,10.8,-1.5,11
1987-10-01,1987,10,Región de Murcia,18.9,0.42,34.2,-0.47,0
1987-11-01,1987,11,Región de Murcia,13.1,-0.3,77.1,1.21,0
1987-12-01,1987,12,Región de Murcia,11.2,1.02,37.9,-0.33,0
1988-01-01,1988,1,Región de Murcia,11.1,1.56,31.5,-0.82,0
1988-02-01,1988,2,Región de Murcia,10.5,-0.4,21.5,0.21,0
1988-03-01,1988,3,Región de Murcia,14.9,1.81,4.4,-1.88,0
1988-04-01,1988,4,Región de Murcia,16.3,0.77,34.1,-0.5,0
1988-05-01,1988,5,Región de Murcia,19.7,0.65,50.8,0.18,0
1988-06-01,1988,6,Región de Murcia,22.2,-0.76,35.5,0.97,0
1988-07-01,1988,7,Región de Murcia,26.5,0.4,0.0,-0.34,21
1988-08-01,1988,8,Región de Murcia,27.1,0.95,1.6,-0.78,25
1988-09-01,1988,9,Región de Murcia,23.2,-0.08,9.9,-0.59,10
1988-10-01,1988,10,Región de Murcia,18.7,0.3,68.1,0.45,0
1988-11-01,1988,11,Región de Murcia,14.0,0.63,48.8,-0.06,0
1988-12-01,1988,12,Región de Murcia,9.1,-1.07,1.1,0.01,0
1989-01-01,1989,1,Región de Murcia,9.2,-0.33,26.3,0.18,0
1989-02-01,1989,2,Región de Murcia,11.3,0.4,24.7,-0.19,0
1989-03-01,1989,3,Región de Murcia,13.4,0.37,125.8,2.02,0
1989-04-01,1989,4,Región de Murcia,14.6,-0.92,31.4,0.45,0
1989-05-01,1989,5,Región de Murcia,18.7,-0.27,28.8,0.18,0
1989-06-01,1989,6,Región de Murcia,23.4,0.39,9.0,-0.39,8
1989-07-01,1989,7,Región de Murcia,26.7,0.59,9.9,-0.21,24
1989-08-01,1989,8,Región de Murcia,27.6,1.5,11.0,-0.87,28
1989-09-01,1989,9,Región de Murcia,21.8,-1.48,169.4,3.0,0
1989-10-01,1989,10,Región de Murcia,18.6,0.14,21.6,-0.61,0
1989-11-01,1989,11,Región de Murcia,15.1,1.64,66.2,-0.23,0
1989-12-01,1989,12,Región de Murcia,12.7,2.55,59.1,-0.72,0
1990-01-01,1990,1,Región de Murcia,9.6,-0.0,39.1,0.3,0
1990-02-01,1990,2,Región de Murcia,13.2,2.23,0.1,-1.9,0
1990-03-01,1990,3,Región de Murcia,13.4,0.33,38.8,-0.13,0
1990-04-01,1990,4,Región de Murcia,14.4,-1.09,85.3,1.9,0
1990-05-01,1990,5,Región de Murcia,18.4,-0.61,45.2,0.79,0
1990-06-01,1990,6,Región de Murcia,24.0,1.04,1.5,-0.96,6
1990-07-01,1990,7,Región de Murcia,26.2,0.06,6.3,0.02,18
1990-08-01,1990,8,Región de Murcia,26.5,0.33,2.4,-0.39,20
1990-09-01,1990,9,Región de Murcia,25.1,1.88,17.5,-1.57,10
1990-10-01,1990,10,Región de Murcia,18.3,-0.1,86.8,1.16,0
1990-11-01,1990,11,Región de Murcia,13.4,-0.01,8.0,-0.69,0
1990-12-01,1990,12,Región de Murcia,9.7,-0.5,16.8,0.06,0
1991-01-01,1991,1,Región de Murcia,8.8,-0.77,54.1,1.14,0
1991-02-01,1991,2,Región de Murcia,8.9,-2.09,51.2,1.97,0
1991-03-01,1991,3,Región de Murcia,13.3,0.24,44.3,0.06,0
1991-04-01,1991,4,Región de Murcia,14.6,-0.93,16.1,0.07,0
1991-05-01,1991,5,Región de Murcia,17.4,-1.57,5.4,0.37,0
1991-06-01,1991,6,Región de Murcia,23.4,0.42,12.1,-0.33,7
1991-07-01,1991,7,Región de Murcia,26.8,0.66,0.0,-0.5,25
1991-08-01,1991,8,Región de Murcia,27.8,1.63,0.8,-1.21,28
1991-09-01,1991,9,Región de Murcia,24.9,1.64,18.6,-1.4,10
1991-10-01,1991,10,Región de Murcia,17.0,-1.43,44.6,0.9,0
1991-11-01,1991,11,Región de Murcia,13.2,-0.25,5.5,-0.61,0
1991-12-01,1991,12,Región de Murcia,10.7,0.59,8.7,-0.8,0
1992-01-01,1992,1,Región de Murcia,8.5,-1.04,20.6,0.46,0
1992-02-01,1992,2,Región de Murcia,9.9,-1.08,85.6,2.22,0
1992-03-01,1992,3,Región de Murcia,12.8,-0.3,26.6,-0.06,0
1992-04-01,1992,4,Región de Murcia,16.4,0.86,10.8,-1.14,0
1992-05-01,1992,5,Región de Murcia,19.4,0.37,52.2,0.38,0
1992-06-01,1992,6,Región de Murcia,20.7,-2.27,74.6,2.85,0
1992-07-01,1992,7,Región de Murcia,25.4,-0.79,0.8,0.39,20
1992-08-01,1992,8,Región de Murcia,27.1,0.97,0.5,-0.82,22
1992-09-01,1992,9,Región de Murcia,23.3,0.03,3.3,-0.82,0
1992-10-01,1992,10,Región de Murcia,17.6,-0.84,31.3,0.22,0
1992-11-01,1992,11,Región de Murcia,14.8,1.37,12.3,-1.41,0
1992-12-01,1992,12,Región de Murcia,11.1,0.9,23.1,-0.63,0
1993-01-01,1993,1,Región de Murcia,8.3,-1.24,0.8,0.09,0
1993-02-01,1993,2,Región de Murcia,9.9,-1.07,66.2,1.73,0
1993-03-01,1993,3,Región de Murcia,12.0,-1.06,20.7,0.25,0
1993-04-01,1993,4,Región de Murcia,16.1,0.55,11.8,-0.92,0
1993-05-01,1993,5,Región de Murcia,18.9,-0.15,53.6,0.73,0
1993-06-01,1993,6,Región de Murcia,23.4,0.38,33.2,0.22,5
1993-07-01,1993,7,Región de Murcia,25.3,-0.8,4.0,0.48,14
1993-08-01,1993,8,Región de Murcia,26.3,0.17,3.8,-0.25,18
1993-09-01,1993,9,Región de Murcia,22.4,-0.85,18.8,0.1,4
1993-10-01,1993,10,Región de Murcia,16.6,-1.85,48.0,1.24,0
1993-11-01,1993,11,Región de Murcia,12.9,-0.56,14.6,-0.2,0
1993-12-01,1993,12,Región de Murcia,10.6,0.4,18.1,-0.45,0
1994-01-01,1994,1,Región de Murcia,9.8,0.23,12.5,-0.5,0
1994-02-01,1994,2,Región de Murcia,11.5,0.51,20.8,-0.35,0
1994-03-01,1994,3,Región de Murcia,14.3,1.22,8.1,-1.44,0
1994-04-01,1994,4,Región de Murcia,16.0,0.48,33.4,-0.34,0
1994-05-01,1994,5,Región de Murcia,20.9,1.91,7.1,-1.67,1
1994-06-01,1994,6,Región de Murcia,23.7,0.67,0.8,-0.76,6
1994-07-01,1994,7,Región de Murcia,27.7,1.56,0.9,-1.02,29
1994-08-01,1994,8,Región de Murcia,28.1,2.0,0.1,-1.45,30
1994-09-01,1994,9,Región de Murcia,22.4,-0.88,49.0,0.87,8
1994-10-01,1994,10,Región de Murcia,18.2,-0.26,47.6,0.28,0
1994-11-01,1994,11,Región de Murcia,14.9,1.46,12.7,-1.46,0
1994-12-01,1994,12,Región de Murcia,11.0,0.86,9.8,-0.93,0
1995-01-01,1995,1,Región de Murcia,10.9,1.29,4.0,-1.35,0
1995-02-01,1995,2,Región de Murcia,13.6,2.61,16.8,-1.71,0
1995-03-01,1995,3,Región de Murcia,13.3,0.23,36.1,-0.14,0
1995-04-01,1995,4,Región de Murcia,15.5,0.01,3.8,-0.8,0
1995-05-01,1995,5,Región de Murcia,20.5,1.51,1.5,-1.57,2
1995-06-01,1995,6,Región de Murcia,22.6,-0.38,21.3,0.38,2
1995-07-01,1995,7,Región de Murcia,26.9,0.71,0.2,-0.52,23
1995-08-01,1995,8,Región de Murcia,26.5,0.4,13.9,-0.14,16
1995-09-01,1995,9,Región de Murcia,22.6,-0.64,6.5,-0.34,4
1995-10-01,1995,10,Región de Murcia,19.8,1.32,4.0,-1.76,0
1995-11-01,1995,11,Región de Murcia,16.4,2.96,7.4,-2.49,0
1995-12-01,1995,12,Región de Murcia,12.2,2.06,56.1,-0.5,0
1996-01-01,1996,1,Región de Murcia,11.5,1.97,35.2,-0.98,0
1996-02-01,1996,2,Región de Murcia,10.0,-0.89,34.2,0.82,0
1996-03-01,1996,3,Región de Murcia,13.1,0.0,14.2,-0.55,0
1996-04-01,1996,4,Región de Murcia,16.7,1.17,12.8,-1.27,0
1996-05-01,1996,5,Región de Murcia,19.3,0.33,23.0,-0.33,1
1996-06-01,1996,6,Región de Murcia,23.5,0.53,1.0,-0.67,7
1996-07-01,1996,7,Región de Murcia,26.1,-0.08,2.3,0.0,16
1996-08-01,1996,8,Región de Murcia,26.0,-0.14,12.8,0.16,18
1996-09-01,1996,9,Región de Murcia,20.8,-2.51,113.9,3.0,2
1996-10-01,1996,10,Región de Murcia,17.8,-0.6,19.8,-0.22,0
1996-11-01,1996,11,Región de Murcia,14.1,0.67,43.8,-0.21,0
1996-12-01,1996,12,Región de Murcia,11.3,1.13,31.0,-0.57,0
1997-01-01,1997,1,Región de Murcia,10.7,1.09,59.0,0.15,0
1997-02-01,1997,2,Región de Murcia,12.5,1.59,4.7,-1.4,0
1997-03-01,1997,3,Región de Murcia,14.2,1.09,25.2,-0.93,0
1997-04-01,1997,4,Región de Murcia,16.1,0.6,70.6,0.52,0
1997-05-01,1997,5,Región de Murcia,20.2,1.17,24.7,-0.79,1
1997-06-01,1997,6,Región de Murcia,24.4,1.38,32.3,-0.4,8
1997-07-01,1997,7,Región de Murcia,25.2,-0.93,0.4,0.46,13
1997-08-01,1997,8,Región de Murcia,26.2,0.1,3.5,-0.22,21
1997-09-01,1997,9,Región de Murcia,23.7,0.41,93.7,1.21,4
1997-10-01,1997,10,Región de Murcia,20.2,1.78,8.1,-1.94,0
1997-11-01,1997,11,Región de Murcia,14.6,1.14,34.2,-0.73,0
1997-12-01,1997,12,Región de Murcia,11.4,1.23,42.1,-0.35,0
1998-01-01,1998,1,Región de Murcia,10.8,1.26,42.7,-0.36,0
1998-02-01,1998,2,Región de Murcia,11.8,0.86,17.2,-0.65,0
1998-03-01,1998,3,Región de Murcia,14.8,1.76,8.7,-1.75,0
1998-04-01,1998,4,Región de Murcia,17.0,1.45,3.2,-1.68,0
1998-05-01,1998,5,Región de Murcia,18.7,-0.3,49.4,0.71,0
1998-06-01,1998,6,Región de Murcia,24.2,1.25,6.7,-0.96,9
1998-07-01,1998,7,Región de Murcia,27.2,1.07,0.1,-0.74,24
1998-08-01,1998,8,Región de Murcia,26.7,0.6,9.0,-0.38,23
1998-09-01,1998,9,Región de Murcia,24.5,1.23,11.4,-1.34,10
1998-10-01,1998,10,Región de Murcia,18.8,0.38,1.6,-1.26,0
1998-11-01,1998,11,Región de Murcia,14.6,1.15,22.6,-1.03,0
1998-12-01,1998,12,Región de Murcia,9.3,-0.88,29.0,0.59,0
1999-01-01,1999,1,Región de Murcia,10.2,0.65,21.9,-0.52,0
1999-02-01,1999,2,Región de Murcia,11.0,0.02,59.1,0.9,0
1999-03-01,1999,3,Región de Murcia,13.0,-0.07,49.7,0.38,0
1999-04-01,1999,4,Región de Murcia,17.3,1.74,6.1,-1.78,0
1999-05-01,1999,5,Región de Murcia,21.8,2.81,2.2,-2.34,2
1999-06-01,1999,6,Región de Murcia,24.3,1.27,6.3,-0.98,6
1999-07-01,1999,7,Región de Murcia,26.6,0.47,3.1,-0.31,18
1999-08-01,1999,8,Región de Murcia,27.8,1.63,0.9,-1.2,25
1999-09-01,1999,9,Región de Murcia,23.8,0.55,35.0,-0.34,4
1999-10-01,1999,10,Región de Murcia,19.3,0.83,60.7,-0.05,0
1999-11-01,1999,11,Región de Murcia,11.8,-1.57,27.7,0.73,0
1999-12-01,1999,12,Región de Murcia,10.4,0.26,17.9,-0.37,0
2000-01-01,2000,1,Región de Murcia,7.6,-1.96,11.4,0.79,0
2000-02-01,2000,2,Región de Murcia,13.2,2.29,0.0,-1.94,0
2000-03-01,2000,3,Región de Murcia,14.1,0.99,7.0,-1.33,0
2000-04-01,2000,4,Región de Murcia,16.6,1.08,10.6,-1.27,0
2000-05-01,2000,5,Región de Murcia,20.8,1.8,23.2,-1.2,3
2000-06-01,2000,6,Región de Murcia,24.1,1.14,0.8,-1.04,7
2000-07-01,2000,7,Región de Murcia,26.5,0.37,1.8,-0.28,20
2000-08-01,2000,8,Región de Murcia,26.5,0.34,0.4,-0.44,22
2000-09-01,2000,9,Región de Murcia,23.5,0.26,4.2,-0.94,6
2000-10-01,2000,10,Región de Murcia,18.4,-0.08,82.7,1.05,0
2000-11-01,2000,11,Región de Murcia,12.6,-0.79,15.6,-0.04,0
2000-12-01,2000,12,Región de Murcia,10.9,0.78,7.6,-0.94,0
2001-01-01,2001,1,Región de Murcia,11.0,1.4,21.6,-0.98,0
2001-02-01,2001,2,Región de Murcia,11.6,0.69,29.4,-0.24,0
2001-03-01,2001,3,Región de Murcia,17.2,4.18,5.9,-3.0,1
2001-04-01,2001,4,Región de Murcia,17.3,1.76,35.0,-1.07,0
2001-05-01,2001,5,Región de Murcia,19.6,0.63,28.1,-0.38,1
2001-06-01,2001,6,Región de Murcia,25.2,2.21,13.0,-1.38,15
2001-07-01,2001,7,Región de Murcia,26.5,0.35,4.0,-0.21,26
2001-08-01,2001,8,Región de Murcia,27.3,1.18,2.3,-0.9,25
2001-09-01,2001,9,Región de Murcia,23.3,0.02,21.1,-0.37,3
2001-10-01,2001,10,Región de Murcia,20.5,2.09,21.3,-1.79,0
2001-11-01,2001,11,Región de Murcia,12.3,-1.16,63.8,1.39,0
2001-12-01,2001,12,Región de Murcia,8.8,-1.35,41.5,1.18,0
2002-01-01,2002,1,Región de Murcia,10.0,0.44,10.9,-0.67,0
2002-02-01,2002,2,Región de Murcia,12.3,1.33,1.1,-1.34,0
2002-03-01,2002,3,Región de Murcia,14.2,1.11,29.6,-0.83,0
2002-04-01,2002,4,Región de Murcia,15.4,-0.1,70.8,0.94,0
2002-05-01,2002,5,Región de Murcia,18.8,-0.21,80.4,1.43,0
2002-06-01,2002,6,Región de Murcia,24.4,1.42,5.1,-1.1,11
2002-07-01,2002,7,Región de Murcia,25.4,-0.74,20.8,0.86,15
2002-08-01,2002,8,Región de Murcia,25.6,-0.56,13.1,0.42,14
2002-09-01,2002,9,Región de Murcia,23.7,0.41,11.7,-0.84,4
2002-10-01,2002,10,Región de Murcia,19.3,0.9,16.1,-1.21,0
2002-11-01,2002,11,Región de Murcia,15.4,1.99,42.4,-1.03,0
2002-12-01,2002,12,Región de Murcia,12.4,2.23,17.2,-1.57,0
2003-01-01,2003,1,Región de Murcia,9.5,-0.03,17.1,-0.23,0
2003-02-01,2003,2,Región de Murcia,10.3,-0.66,43.9,0.93,0
2003-03-01,2003,3,Región de Murcia,13.3,0.26,14.4,-0.7,0
2003-04-01,2003,4,Región de Murcia,16.2,0.69,29.7,-0.56,0
2003-05-01,2003,5,Región de Murcia,19.9,0.91,23.7,-0.66,1
2003-06-01,2003,6,Región de Murcia,26.6,3.6,2.3,-2.48,21
2003-07-01,2003,7,Región de Murcia,28.1,1.93,0.7,-1.24,28
2003-08-01,2003,8,Región de Murcia,28.4,2.24,2.6,-1.53,31
2003-09-01,2003,9,Región de Murcia,23.8,0.51,15.1,-0.81,5
2003-10-01,2003,10,Región de Murcia,18.4,-0.07,77.9,0.92,0
2003-11-01,2003,11,Región de Murcia,14.2,0.74,57.5,0.09,0
2003-12-01,2003,12,Región de Murcia,10.1,-0.07,35.3,0.26,0
2004-01-01,2004,1,Región de Murcia,11.6,2.07,2.1,-1.87,0
2004-02-01,2004,2,Región de Murcia,11.1,0.12,19.4,-0.15,0
2004-03-01,2004,3,Región de Murcia,12.9,-0.13,121.0,2.2,0
2004-04-01,2004,4,Región de Murcia,14.1,-1.44,93.6,2.31,0
2004-05-01,2004,5,Región de Murcia,17.3,-1.74,53.9,1.69,0
2004-06-01,2004,6,Región de Murcia,24.8,1.78,2.9,-1.37,11
2004-07-01,2004,7,Región de Murcia,25.9,-0.24,1.8,0.09,18
2004-08-01,2004,8,Región de Murcia,27.5,1.37,3.1,-0.99,23
2004-09-01,2004,9,Región de Murcia,24.2,0.91,11.3,-1.15,4
2004-10-01,2004,10,Región de Murcia,20.1,1.66,3.0,-1.99,0
2004-11-01,2004,11,Región de Murcia,13.2,-0.2,7.1,-0.6,0
2004-12-01,2004,12,Región de Murcia,10.7,0.56,54.3,0.36,0
2005-01-01,2005,1,Región de Murcia,8.3,-1.25,1.8,0.12,0
2005-02-01,2005,2,Región de Murcia,8.7,-2.24,32.5,1.59,0
2005-03-01,2005,3,Región de Murcia,12.7,-0.36,18.8,-0.22,0
2005-04-01,2005,4,Región de Murcia,16.8,1.23,11.4,-1.34,0
2005-05-01,2005,5,Región de Murcia,20.9,1.91,3.8,-1.76,1
2005-06-01,2005,6,Región de Murcia,25.0,2.03,2.4,-1.54,14
2005-07-01,2005,7,Región de Murcia,27.0,0.89,0.4,-0.63,20
2005-08-01,2005,8,Región de Murcia,25.7,-0.47,9.0,0.26,16
2005-09-01,2005,9,Región de Murcia,22.0,-1.3,47.5,1.08,5
2005-10-01,2005,10,Región de Murcia,18.7,0.27,7.4,-1.05,0
2005-11-01,2005,11,Región de Murcia,12.7,-0.7,17.7,-0.04,0
2005-12-01,2005,12,Región de Murcia,9.7,-0.5,13.5,-0.03,0
2006-01-01,2006,1,Región de Murcia,8.5,-1.04,71.2,1.73,0
2006-02-01,2006,2,Región de Murcia,9.8,-1.15,21.7,0.67,0
2006-03-01,2006,3,Región de Murcia,15.1,2.06,7.5,-1.96,0
2006-04-01,2006,4,Región de Murcia,17.9,2.35,34.3,-1.44,0
2006-05-01,2006,5,Región de Murcia,21.1,2.12,33.4,-1.14,3
2006-06-01,2006,6,Región de Murcia,24.2,1.22,4.4,-1.0,13
2006-07-01,2006,7,Región de Murcia,27.9,1.79,0.0,-1.18,30
2006-08-01,2006,8,Región de Murcia,26.6,0.43,0.9,-0.48,18
2006-09-01,2006,9,Región de Murcia,23.9,0.65,26.4,-0.61,5
2006-10-01,2006,10,Región de Murcia,21.2,2.71,9.0,-2.47,3
2006-11-01,2006,11,Región de Murcia,15.0,1.58,100.6,0.67,0
2006-12-01,2006,12,Región de Murcia,10.4,0.25,10.3,-0.56,0
2007-01-01,2007,1,Región de Murcia,10.2,0.63,58.0,0.4,0
2007-02-01,2007,2,Región de Murcia,12.6,1.64,16.9,-1.13,0
2007-03-01,2007,3,Región de Murcia,13.7,0.61,30.7,-0.51,0
2007-04-01,2007,4,Región de Murcia,15.0,-0.49,84.0,1.5,0
2007-05-01,2007,5,Región de Murcia,20.6,1.64,43.9,-0.59,3
2007-06-01,2007,6,Región de Murcia,24.4,1.44,3.0,-1.17,9
2007-07-01,2007,7,Región de Murcia,26.3,0.17,0.7,-0.19,21
2007-08-01,2007,8,Región de Murcia,26.3,0.2,31.0,0.41,17
2007-09-01,2007,9,Región de Murcia,22.6,-0.62,52.7,0.81,0
2007-10-01,2007,10,Región de Murcia,17.9,-0.57,106.0,1.92,0
2007-11-01,2007,11,Región de Murcia,11.9,-1.51,8.5,0.22,0
2007-12-01,2007,12,Región de Murcia,10.5,0.31,11.4,-0.56,0
2008-01-01,2008,1,Región de Murcia,10.7,1.1,5.6,-1.2,0
2008-02-01,2008,2,Región de Murcia,12.1,1.2,17.4,-0.85,0
2008-03-01,2008,3,Región de Murcia,15.1,2.02,3.8,-2.02,0
2008-04-01,2008,4,Región de Murcia,17.5,1.96,4.0,-1.97,0
2008-05-01,2008,5,Región de Murcia,18.8,-0.23,66.7,1.1,0
2008-06-01,2008,6,Región de Murcia,23.7,0.67,11.9,-0.48,12
2008-07-01,2008,7,Región de Murcia,26.8,0.7,11.1,-0.25,20
2008-08-01,2008,8,Región de Murcia,27.0,0.9,1.4,-0.75,22
2008-09-01,2008,9,Región de Murcia,23.7,0.41,44.4,-0.02,9
2008-10-01,2008,10,Región de Murcia,18.4,-0.08,108.9,1.7,0
2008-11-01,2008,11,Región de Murcia,11.4,-2.04,34.6,1.19,0
2008-12-01,2008,12,Región de Murcia,9.1,-1.04,12.7,0.28,0
2009-01-01,2009,1,Región de Murcia,9.2,-0.4,46.0,0.71,0
2009-02-01,2009,2,Región de Murcia,10.4,-0.55,7.8,-0.04,0
2009-03-01,2009,3,Región de Murcia,12.8,-0.28,69.9,1.01,0
2009-04-01,2009,4,Región de Murcia,15.2,-0.36,29.6,0.07,0
2009-05-01,2009,5,Región de Murcia,20.8,1.79,3.7,-1.69,1
2009-06-01,2009,6,Región de Murcia,25.8,2.76,0.7,-2.02,17
2009-07-01,2009,7,Región de Murcia,28.1,1.95,3.3,-1.19,25
2009-08-01,2009,8,Región de Murcia,27.3,1.14,1.9,-0.88,26
2009-09-01,2009,9,Región de Murcia,22.5,-0.72,81.2,1.58,4
2009-10-01,2009,10,Región de Murcia,20.0,1.58,16.8,-1.6,0
2009-11-01,2009,11,Región de Murcia,16.0,2.56,4.7,-2.32,0
2009-12-01,2009,12,Región de Murcia,11.0,0.88,81.0,0.83,0
2010-01-01,2010,1,Región de Murcia,9.4,-0.16,54.8,0.79,0
2010-02-01,2010,2,Región de Murcia,10.3,-0.61,43.2,0.88,0
2010-03-01,2010,3,Región de Murcia,12.0,-1.07,30.8,0.51,0
2010-04-01,2010,4,Región de Murcia,15.9,0.38,19.8,-0.62,0
2010-05-01,2010,5,Región de Murcia,19.3,0.27,27.8,-0.17,1
2010-06-01,2010,6,Región de Murcia,23.4,0.45,16.4,-0.24,4
2010-07-01,2010,7,Región de Murcia,27.3,1.17,0.7,-0.79,27
2010-08-01,2010,8,Región de Murcia,26.9,0.78,16.1,-0.31,20
2010-09-01,2010,9,Región de Murcia,23.8,0.53,15.5,-0.81,4
2010-10-01,2010,10,Región de Murcia,18.8,0.39,11.4,-1.02,0
2010-11-01,2010,11,Región de Murcia,13.6,0.22,36.4,-0.12,0
2010-12-01,2010,12,Región de Murcia,9.3,-0.85,19.1,0.32,0
2011-01-01,2011,1,Región de Murcia,9.5,-0.12,12.7,-0.29,0
2011-02-01,2011,2,Región de Murcia,11.4,0.48,6.8,-0.68,0
2011-03-01,2011,3,Región de Murcia,12.8,-0.24,71.2,1.02,0
2011-04-01,2011,4,Región de Murcia,17.5,1.96,40.5,-1.05,1
2011-05-01,2011,5,Región de Murcia,20.3,1.31,28.2,-0.79,3
2011-06-01,2011,6,Región de Murcia,24.0,1.05,6.4,-0.85,10
2011-07-01,2011,7,Región de Murcia,26.8,0.7,3.6,-0.43,21
2011-08-01,2011,8,Región de Murcia,27.6,1.5,0.9,-1.13,26
2011-09-01,2011,9,Región de Murcia,24.2,0.9,20.5,-0.91,9
2011-10-01,2011,10,Región de Murcia,20.0,1.54,8.3,-1.79,2
2011-11-01,2011,11,Región de Murcia,15.1,1.72,62.0,-0.38,0
2011-12-01,2011,12,Región de Murcia,10.8,0.61,16.7,-0.61,0
2012-01-01,2012,1,Región de Murcia,10.4,0.81,13.6,-0.82,0
2012-02-01,2012,2,Región de Murcia,8.3,-2.67,8.6,1.25,0
2012-03-01,2012,3,Región de Murcia,12.7,-0.34,43.3,0.38,0
2012-04-01,2012,4,Región de Murcia,16.6,1.02,12.4,-1.19,0
2012-05-01,2012,5,Región de Murcia,21.3,2.29,5.0,-1.95,3
2012-06-01,2012,6,Región de Murcia,26.6,3.59,0.2,-2.53,19
2012-07-01,2012,7,Región de Murcia,26.9,0.72,0.0,-0.54,24
2012-08-01,2012,8,Región de Murcia,28.7,2.59,13.5,-1.46,30
2012-09-01,2012,9,Región de Murcia,23.4,0.12,78.4,1.0,6
2012-10-01,2012,10,Región de Murcia,18.6,0.11,65.6,0.5,1
2012-11-01,2012,11,Región de Murcia,14.2,0.74,70.9,0.43,0
2012-12-01,2012,12,Región de Murcia,10.5,0.29,4.6,-0.72,0
2013-01-01,2013,1,Región de Murcia,11.2,1.62,6.6,-1.48,0
2013-02-01,2013,2,Región de Murcia,11.5,0.55,14.2,-0.54,0
2013-03-01,2013,3,Región de Murcia,13.9,0.83,33.2,-0.57,0
2013-04-01,2013,4,Región de Murcia,16.3,0.79,52.9,-0.04,0
2013-05-01,2013,5,Región de Murcia,19.0,0.03,6.1,-0.57,1
2013-06-01,2013,6,Región de Murcia,22.9,-0.07,1.0,-0.31,7
2013-07-01,2013,7,Región de Murcia,26.5,0.39,0.0,-0.34,26
2013-08-01,2013,8,Región de Murcia,26.3,0.19,20.6,0.15,23
2013-09-01,2013,9,Región de Murcia,23.7,0.46,16.2,-0.76,1
2013-10-01,2013,10,Región de Murcia,21.8,3.39,6.2,-2.95,3
2013-11-01,2013,11,Región de Murcia,14.1,0.72,3.6,-1.24,0
2013-12-01,2013,12,Región de Murcia,10.0,-0.14,19.4,-0.09,0
2014-01-01,2014,1,Región de Murcia,11.7,2.12,14.1,-1.6,0
2014-02-01,2014,2,Región de Murcia,12.7,1.72,4.7,-1.48,0
2014-03-01,2014,3,Región de Murcia,14.5,1.44,2.2,-1.72,0
2014-04-01,2014,4,Región de Murcia,19.5,4.02,11.5,-3.0,0
2014-05-01,2014,5,Región de Murcia,19.9,0.93,4.1,-1.16,1
2014-06-01,2014,6,Región de Murcia,24.5,1.51,17.4,-0.85,10
2014-07-01,2014,7,Región de Murcia,26.7,0.58,0.1,-0.45,21
2014-08-01,2014,8,Región de Murcia,27.2,1.09,5.6,-0.76,22
2014-09-01,2014,9,Región de Murcia,25.5,2.2,37.2,-1.27,17
2014-10-01,2014,10,Región de Murcia,20.8,2.37,18.5,-2.03,1
2014-11-01,2014,11,Región de Murcia,14.8,1.35,50.8,-0.44,0
2014-12-01,2014,12,Región de Murcia,10.3,0.17,15.3,-0.38,0
2015-01-01,2015,1,Región de Murcia,9.7,0.17,14.1,-0.43,0
2015-02-01,2015,2,Región de Murcia,11.0,0.09,23.2,-0.04,0
2015-03-01,2015,3,Región de Murcia,14.5,1.42,68.4,-0.05,0
2015-04-01,2015,4,Región de Murcia,16.6,1.1,21.0,-1.02,0
2015-05-01,2015,5,Región de Murcia,22.0,3.02,0.7,-2.5,5
2015-06-01,2015,6,Región de Murcia,24.9,1.89,5.0,-1.39,9
2015-07-01,2015,7,Región de Murcia,29.1,2.93,4.1,-1.76,30
2015-08-01,2015,8,Región de Murcia,28.0,1.86,6.4,-1.2,27
2015-09-01,2015,9,Región de Murcia,23.0,-0.3,73.0,1.12,3
2015-10-01,2015,10,Región de Murcia,19.6,1.11,30.0,-0.99,1
2015-11-01,2015,11,Región de Murcia,14.7,1.25,32.0,-0.85,0
2015-12-01,2015,12,Región de Murcia,12.3,2.12,1.1,-1.91,0
2016-01-01,2016,1,Región de Murcia,12.6,3.02,12.8,-2.17,0
2016-02-01,2016,2,Región de Murcia,13.3,2.33,3.2,-1.88,0
2016-03-01,2016,3,Región de Murcia,13.9,0.84,28.7,-0.69,0
2016-04-01,2016,4,Región de Murcia,16.9,1.34,26.9,-1.02,0
2016-05-01,2016,5,Región de Murcia,19.6,0.64,24.9,-0.47,1
2016-06-01,2016,6,Región de Murcia,24.9,1.95,1.2,-1.52,10
2016-07-01,2016,7,Región de Murcia,27.1,0.92,1.1,-0.63,22
2016-08-01,2016,8,Región de Murcia,26.5,0.4,2.7,-0.42,19
2016-09-01,2016,9,Región de Murcia,24.6,1.32,7.7,-1.48,9
2016-10-01,2016,10,Región de Murcia,20.3,1.82,48.0,-0.96,0
2016-11-01,2016,11,Región de Murcia,14.3,0.93,44.7,-0.34,0
2016-12-01,2016,12,Región de Murcia,11.7,1.55,112.9,1.23,0
2017-01-01,2017,1,Región de Murcia,9.2,-0.4,96.7,1.98,0
2017-02-01,2017,2,Región de Murcia,12.1,1.17,21.2,-0.74,0
2017-03-01,2017,3,Región de Murcia,13.8,0.79,94.7,0.99,0
2017-04-01,2017,4,Región de Murcia,16.0,0.43,15.8,-0.75,0
2017-05-01,2017,5,Región de Murcia,20.1,1.13,5.1,-1.25,0
2017-06-01,2017,6,Región de Murcia,25.3,2.31,12.6,-1.45,16
2017-07-01,2017,7,Región de Murcia,26.3,0.2,8.0,-0.02,20
2017-08-01,2017,8,Región de Murcia,26.2,0.02,63.7,1.33,16
2017-09-01,2017,9,Región de Murcia,23.0,-0.27,14.4,-0.36,5
2017-10-01,2017,10,Región de Murcia,20.1,1.69,6.4,-1.92,0
2017-11-01,2017,11,Región de Murcia,14.2,0.74,13.3,-1.01,0
2017-12-01,2017,12,Región de Murcia,10.3,0.17,3.5,-0.68,0
2018-01-01,2018,1,Región de Murcia,11.3,1.72,59.4,-0.22,0
2018-02-01,2018,2,Región de Murcia,9.6,-1.3,26.8,0.88,0
2018-03-01,2018,3,Región de Murcia,13.7,0.62,29.7,-0.54,0
2018-04-01,2018,4,Región de Murcia,16.5,0.97,23.2,-0.89,0
2018-05-01,2018,5,Región de Murcia,19.4,0.36,18.0,-0.47,0
2018-06-01,2018,6,Región de Murcia,23.2,0.2,32.0,0.3,4
2018-07-01,2018,7,Región de Murcia,27.3,1.13,0.0,-0.78,28
2018-08-01,2018,8,Región de Murcia,27.3,1.18,15.4,-0.57,23
2018-09-01,2018,9,Región de Murcia,23.9,0.62,77.3,0.68,7
2018-10-01,2018,10,Región de Murcia,18.3,-0.13,52.8,0.33,0
2018-11-01,2018,11,Región de Murcia,13.3,-0.08,79.3,1.13,0
2018-12-01,2018,12,Región de Murcia,12.0,1.81,9.8,-1.5,0
2019-01-01,2019,1,Región de Murcia,10.4,0.86,3.2,-1.11,0
2019-02-01,2019,2,Región de Murcia,11.8,0.91,3.7,-1.02,0
2019-03-01,2019,3,Región de Murcia,13.9,0.89,19.9,-0.94,0
2019-04-01,2019,4,Región de Murcia,15.0,-0.49,146.7,3.0,0
2019-05-01,2019,5,Región de Murcia,19.3,0.34,3.5,-0.82,1
2019-06-01,2019,6,Región de Murcia,23.6,0.58,1.6,-0.69,8
2019-07-01,2019,7,Región de Murcia,27.6,1.46,0.2,-0.97,26
2019-08-01,2019,8,Región de Murcia,27.1,1.0,17.9,-0.4,20
2019-09-01,2019,9,Región de Murcia,23.0,-0.23,245.0,3.0,1
2019-10-01,2019,10,Región de Murcia,19.6,1.14,59.4,-0.27,2
2019-11-01,2019,11,Región de Murcia,14.3,0.84,14.4,-1.04,0
2019-12-01,2019,12,Región de Murcia,12.3,2.18,60.0,-0.47,0
2020-01-01,2020,1,Región de Murcia,9.9,0.36,67.1,0.79,0
2020-02-01,2020,2,Región de Murcia,13.8,2.83,5.1,-2.14,0
2020-03-01,2020,3,Región de Murcia,14.4,1.3,138.1,1.77,0
2020-04-01,2020,4,Región de Murcia,15.4,-0.13,55.1,0.57,0
2020-05-01,2020,5,Región de Murcia,20.8,1.82,25.7,-1.15,3
2020-06-01,2020,6,Región de Murcia,23.9,0.87,22.7,-0.33,8
2020-07-01,2020,7,Región de Murcia,26.9,0.73,1.3,-0.51,21
2020-08-01,2020,8,Región de Murcia,27.6,1.46,8.0,-0.92,29
2020-09-01,2020,9,Región de Murcia,23.6,0.34,8.3,-0.88,7
2020-10-01,2020,10,Región de Murcia,18.3,-0.15,10.8,-0.71,2
2020-11-01,2020,11,Región de Murcia,15.4,2.0,40.9,-1.08,0
2020-12-01,2020,12,Región de Murcia,11.3,1.11,3.2,-1.25,0
2021-01-01,2021,1,Región de Murcia,10.1,0.52,51.2,0.29,0
2021-02-01,2021,2,Región de Murcia,13.5,2.59,3.7,-2.03,0
2021-03-01,2021,3,Región de Murcia,12.6,-0.43,68.6,1.07,0
2021-04-01,2021,4,Región de Murcia,15.0,-0.48,76.8,1.32,0
2021-05-01,2021,5,Región de Murcia,19.8,0.8,47.3,-0.0,1
2021-06-01,2021,6,Región de Murcia,23.5,0.5,15.9,-0.28,4
2021-07-01,2021,7,Región de Murcia,27.2,1.07,8.3,-0.54,23
2021-08-01,2021,8,Región de Murcia,27.6,1.51,3.2,-1.07,21
2021-09-01,2021,9,Región de Murcia,24.2,0.96,46.1,-0.31,8
2021-10-01,2021,10,Región de Murcia,19.3,0.9,50.6,-0.35,0
2021-11-01,2021,11,Región de Murcia,13.2,-0.25,44.7,0.37,0
2021-12-01,2021,12,Región de Murcia,12.8,2.69,9.3,-2.04,0
2022-01-01,2022,1,Región de Murcia,9.7,0.12,9.3,-0.52,0
2022-02-01,2022,2,Región de Murcia,12.3,1.39,5.0,-1.27,0
2022-03-01,2022,3,Región de Murcia,12.7,-0.33,200.0,3.0,0
2022-04-01,2022,4,Región de Murcia,14.5,-0.99,101.0,2.23,0
2022-05-01,2022,5,Región de Murcia,21.0,2.02,19.4,-1.43,5
2022-06-01,2022,6,Región de Murcia,26.3,3.31,0.0,-2.36,23
2022-07-01,2022,7,Región de Murcia,28.3,2.2,0.8,-1.4,28
2022-08-01,2022,8,Región de Murcia,28.4,2.27,4.4,-1.5,31
2022-09-01,2022,9,Región de Murcia,24.8,1.49,66.8,-0.11,14
2022-10-01,2022,10,Región de Murcia,20.7,2.29,23.1,-1.87,0
2022-11-01,2022,11,Región de Murcia,16.7,3.28,8.7,-2.65,0
2022-12-01,2022,12,Región de Murcia,13.7,3.55,13.9,-2.45,0
2023-01-01,2023,1,Región de Murcia,10.7,1.08,0.7,-1.31,0
2023-02-01,2023,2,Región de Murcia,9.8,-1.11,18.0,0.55,0
2023-03-01,2023,3,Región de Murcia,16.0,2.98,2.4,-2.63,1
2023-04-01,2023,4,Región de Murcia,19.0,3.43,0.1,-2.95,3
2023-05-01,2023,5,Región de Murcia,18.9,-0.08,117.8,2.29,0
2023-06-01,2023,6,Región de Murcia,23.9,0.93,52.9,0.39,12
2023-07-01,2023,7,Región de Murcia,29.3,3.13,2.1,-1.93,30
2023-08-01,2023,8,Región de Murcia,28.5,2.4,13.9,-1.34,27
2023-09-01,2023,9,Región de Murcia,23.1,-0.17,79.5,1.21,0
2023-10-01,2023,10,Región de Murcia,20.7,2.29,7.8,-2.25,1
2023-11-01,2023,11,Región de Murcia,16.5,3.08,0.1,-2.75,0
2023-12-01,2023,12,Región de Murcia,11.8,1.69,4.4,-1.57,0
2024-01-01,2024,1,Región de Murcia,12.5,2.89,20.8,-1.89,0
2024-02-01,2024,2,Región de Murcia,14.0,3.05,6.4,-2.24,0
2024-03-01,2024,3,Región de Murcia,15.0,1.96,27.0,-1.41,0
2024-04-01,2024,4,Región de Murcia,17.0,1.49,18.5,-1.32,1
2024-05-01,2024,5,Región de Murcia,20.4,1.42,8.6,-1.34,2
2024-06-01,2024,6,Región de Murcia,23.8,0.83,32.1,-0.07,7
2024-07-01,2024,7,Región de Murcia,28.3,2.13,0.9,-1.36,29
2024-08-01,2024,8,Región de Murcia,28.2,2.05,8.6,-1.26,26
2024-09-01,2024,9,Región de Murcia,23.7,0.46,20.8,-0.64,10
2024-10-01,2024,10,Región de Murcia,20.5,2.06,126.8,0.86,2
2024-11-01,2024,11,Región de Murcia,15.9,2.51,21.7,-1.86,0
2024-12-01,2024,12,Región de Murcia,11.8,1.67,18.1,-1.21,0
1961-01-01,1961,1,Navarra,3.3,-0.6,104.8,1.14,0
1961-02-01,1961,2,Navarra,7.6,2.66,23.4,-2.64,0
1961-03-01,1961,3,Navarra,9.0,2.24,10.5,-2.77,0
1961-04-01,1961,4,Navarra,12.3,3.14,104.4,-1.28,0
1961-05-01,1961,5,Navarra,14.2,1.61,76.2,-0.91,0
1961-06-01,1961,6,Navarra,17.1,1.14,37.8,-1.18,0
1961-07-01,1961,7,Navarra,18.6,-0.16,39.5,0.27,0
1961-08-01,1961,8,Navarra,17.7,-0.95,43.9,0.49,0
1961-09-01,1961,9,Navarra,19.1,2.18,102.8,-0.12,0
1961-10-01,1961,10,Navarra,12.4,-0.28,79.6,0.3,0
1961-11-01,1961,11,Navarra,6.9,-0.6,152.0,2.07,0
1961-12-01,1961,12,Navarra,6.0,1.45,44.1,-1.62,0
1962-01-01,1962,1,Navarra,5.4,1.44,79.8,-0.71,0
1962-02-01,1962,2,Navarra,3.9,-1.05,84.0,1.1,0
1962-03-01,1962,3,Navarra,5.7,-1.05,63.1,0.52,0
1962-04-01,1962,4,Navarra,9.2,0.05,89.8,0.21,0
1962-05-01,1962,5,Navarra,12.6,0.01,70.8,-0.08,0
1962-06-01,1962,6,Navarra,16.2,0.26,29.2,-0.87,0
1962-07-01,1962,7,Navarra,18.5,-0.21,19.0,-0.22,2
1962-08-01,1962,8,Navarra,20.5,1.9,7.3,-2.13,6
1962-09-01,1962,9,Navarra,18.2,1.36,71.5,-0.41,0
1962-10-01,1962,10,Navarra,13.8,1.14,91.4,-0.25,0
1962-11-01,1962,11,Navarra,5.5,-2.06,96.8,1.56,0
1962-12-01,1962,12,Navarra,3.2,-1.32,65.7,0.59,0
1963-01-01,1963,1,Navarra,2.1,-1.84,59.1,0.74,0
1963-02-01,1963,2,Navarra,1.4,-3.5,73.5,2.31,0
1963-03-01,1963,3,Navarra,7.1,0.26,101.9,0.7,0
1963-04-01,1963,4,Navarra,9.0,-0.12,60.7,-0.42,0
1963-05-01,1963,5,Navarra,11.2,-1.38,28.0,-0.32,0
1963-06-01,1963,6,Navarra,16.0,0.08,91.6,0.8,0
1963-07-01,1963,7,Navarra,19.1,0.33,43.7,0.08,0
1963-08-01,1963,8,Navarra,16.2,-2.39,148.7,3.0,0
1963-09-01,1963,9,Navarra,15.0,-1.86,88.4,1.94,0
1963-10-01,1963,10,Navarra,12.7,0.02,27.6,-1.18,0
1963-11-01,1963,11,Navarra,9.1,1.62,91.1,-0.79,0
1963-12-01,1963,12,Navarra,2.5,-2.03,78.7,1.34,0
1964-01-01,1964,1,Navarra,2.6,-1.31,12.8,-0.74,0
1964-02-01,1964,2,Navarra,4.9,-0.02,94.9,0.75,0
1964-03-01,1964,3,Navarra,6.6,-0.21,77.3,0.37,0
1964-04-01,1964,4,Navarra,9.5,0.34,96.5,0.2,0
1964-05-01,1964,5,Navarra,15.6,3.04,35.2,-2.79,0
1964-06-01,1964,6,Navarra,16.5,0.58,30.5,-1.03,0
1964-07-01,1964,7,Navarra,20.8,2.0,11.7,-1.72,4
1964-08-01,1964,8,Navarra,19.2,0.56,27.3,-0.83,1
1964-09-01,1964,9,Navarra,19.5,2.58,98.7,-0.46,0
1964-10-01,1964,10,Navarra,10.4,-2.31,90.2,1.79,0
1964-11-01,1964,11,Navarra,7.6,0.04,54.0,-0.77,0
1964-12-01,1964,12,Navarra,2.7,-1.86,89.2,1.5,0
1965-01-01,1965,1,Navarra,2.7,-1.17,94.7,1.23,0
1965-02-01,1965,2,Navarra,1.4,-3.55,39.0,1.47,0
1965-03-01,1965,3,Navarra,6.8,-0.04,104.2,0.94,0
1965-04-01,1965,4,Navarra,8.8,-0.29,64.2,-0.23,0
1965-05-01,1965,5,Navarra,13.7,1.11,72.3,-0.7,0
1965-06-01,1965,6,Navarra,17.3,1.3,41.9,-1.18,1
1965-07-01,1965,7,Navarra,18.0,-0.8,19.2,0.14,0
1965-08-01,1965,8,Navarra,18.4,-0.19,24.4,-0.45,1
1965-09-01,1965,9,Navarra,14.5,-2.39,87.0,2.23,0
1965-10-01,1965,10,Navarra,13.7,1.02,90.0,-0.22,0
1965-11-01,1965,11,Navarra,7.1,-0.43,101.7,0.71,0
1965-12-01,1965,12,Navarra,5.6,1.04,132.1,0.83,0
1966-01-01,1966,1,Navarra,5.2,1.24,68.4,-0.88,0
1966-02-01,1966,2,Navarra,8.3,3.34,111.5,-0.85,0
1966-03-01,1966,3,Navarra,6.0,-0.82,30.8,-0.43,0
1966-04-01,1966,4,Navarra,10.6,1.5,98.6,-0.44,0
1966-05-01,1966,5,Navarra,13.2,0.63,96.1,0.18,0
1966-06-01,1966,6,Navarra,16.6,0.66,124.4,1.27,0
1966-07-01,1966,7,Navarra,16.9,-1.84,24.8,0.91,0
1966-08-01,1966,8,Navarra,18.8,0.18,31.7,-0.49,3
1966-09-01,1966,9,Navarra,18.5,1.63,34.4,-1.5,2
1966-10-01,1966,10,Navarra,12.2,-0.5,134.3,1.8,0
1966-11-01,1966,11,Navarra,5.4,-2.17,166.7,3.0,0
1966-12-01,1966,12,Navarra,5.6,1.03,97.0,-0.04,0
1967-01-01,1967,1,Navarra,2.9,-0.96,59.8,0.23,0
1967-02-01,1967,2,Navarra,5.0,0.05,30.9,-0.89,0
1967-03-01,1967,3,Navarra,8.0,1.17,50.5,-1.13,0
1967-04-01,1967,4,Navarra,8.2,-0.95,64.8,0.19,0
1967-05-01,1967,5,Navarra,12.7,0.1,44.5,-0.79,0
1967-06-01,1967,6,Navarra,15.3,-0.65,25.6,-0.41,0
1967-07-01,1967,7,Navarra,20.2,1.49,28.4,-1.0,1
1967-08-01,1967,8,Navarra,18.8,0.22,37.8,-0.36,0
1967-09-01,1967,9,Navarra,16.3,-0.59,41.5,0.01,0
1967-10-01,1967,10,Navarra,14.8,2.12,102.0,-0.58,0
1967-11-01,1967,11,Navarra,8.1,0.56,187.0,2.25,0
1967-12-01,1967,12,Navarra,1.9,-2.66,84.9,1.87,0
1968-01-01,1968,1,Navarra,4.7,0.77,83.7,-0.21,0
1968-02-01,1968,2,Navarra,5.3,0.33,57.6,-0.39,0
1968-03-01,1968,3,Navarra,6.1,-0.7,95.3,1.12,0
1968-04-01,1968,4,Navarra,10.2,1.03,114.1,0.23,0
1968-05-01,1968,5,Navarra,11.4,-1.14,96.8,1.26,0
1968-06-01,1968,6,Navarra,15.9,-0.11,36.9,-0.45,2
1968-07-01,1968,7,Navarra,19.0,0.19,47.4,0.25,2
1968-08-01,1968,8,Navarra,17.6,-0.99,94.7,1.79,0
1968-09-01,1968,9,Navarra,16.0,-0.88,37.7,0.09,0
1968-10-01,1968,10,Navarra,15.0,2.3,29.6,-2.49,0
1968-11-01,1968,11,Navarra,8.8,1.24,80.8,-0.82,0
1968-12-01,1968,12,Navarra,5.1,0.56,89.6,0.06,0
1969-01-01,1969,1,Navarra,4.2,0.29,47.3,-0.83,0
1969-02-01,1969,2,Navarra,2.8,-2.1,55.8,1.02,0
1969-03-01,1969,3,Navarra,6.6,-0.16,100.9,0.93,0
1969-04-01,1969,4,Navarra,8.8,-0.31,139.8,1.68,0
1969-05-01,1969,5,Navarra,13.0,0.38,94.9,0.3,0
1969-06-01,1969,6,Navarra,14.5,-1.45,105.7,2.07,0
1969-07-01,1969,7,Navarra,19.2,0.44,48.5,0.13,0
1969-08-01,1969,8,Navarra,17.9,-0.69,99.7,1.73,0
1969-09-01,1969,9,Navarra,14.9,-1.94,148.9,3.0,0
1969-10-01,1969,10,Navarra,13.1,0.35,37.5,-1.13,0
1969-11-01,1969,11,Navarra,6.7,-0.87,53.6,-0.23,0
1969-12-01,1969,12,Navarra,3.2,-1.34,147.7,2.65,0
1970-01-01,1970,1,Navarra,5.5,1.58,123.2,0.29,0
1970-02-01,1970,2,Navarra,4.1,-0.83,85.4,1.0,0
1970-03-01,1970,3,Navarra,4.1,-2.69,57.1,1.35,0
1970-04-01,1970,4,Navarra,8.2,-0.98,53.4,-0.08,0
1970-05-01,1970,5,Navarra,12.1,-0.46,58.7,-0.1,0
1970-06-01,1970,6,Navarra,17.5,1.5,89.1,-0.12,0
1970-07-01,1970,7,Navarra,18.1,-0.67,19.1,0.06,0
1970-08-01,1970,8,Navarra,18.5,-0.12,96.2,1.3,0
1970-09-01,1970,9,Navarra,17.8,0.95,49.6,-0.71,0
1970-10-01,1970,10,Navarra,11.5,-1.19,33.4,-0.31,0
1970-11-01,1970,11,Navarra,9.7,2.21,78.7,-1.45,0
1970-12-01,1970,12,Navarra,2.9,-1.65,35.7,0.03,0
1971-01-01,1971,1,Navarra,3.5,-0.37,75.1,0.26,0
1971-02-01,1971,2,Navarra,4.5,-0.41,61.6,0.15,0
1971-03-01,1971,3,Navarra,3.3,-3.51,69.1,2.15,0
1971-04-01,1971,4,Navarra,10.7,1.55,104.0,-0.33,0
1971-05-01,1971,5,Navarra,12.0,-0.53,184.8,3.0,0
1971-06-01,1971,6,Navarra,14.4,-1.54,69.5,1.22,0
1971-07-01,1971,7,Navarra,19.7,0.89,160.7,2.67,0
1971-08-01,1971,8,Navarra,18.8,0.2,35.7,-0.4,1
1971-09-01,1971,9,Navarra,16.1,-0.77,98.3,1.54,0
1971-10-01,1971,10,Navarra,13.9,1.19,26.0,-1.92,0
1971-11-01,1971,11,Navarra,5.0,-2.51,115.4,2.3,0
1971-12-01,1971,12,Navarra,4.5,-0.0,50.3,-0.59,0
1972-01-01,1972,1,Navarra,2.4,-1.54,117.5,2.02,0
1972-02-01,1972,2,Navarra,4.9,-0.0,119.4,1.35,0
1972-03-01,1972,3,Navarra,7.5,0.7,81.2,-0.08,0
1972-04-01,1972,4,Navarra,8.3,-0.85,87.7,0.7,0
1972-05-01,1972,5,Navarra,10.9,-1.66,104.1,1.75,0
1972-06-01,1972,6,Navarra,13.7,-2.28,99.7,2.42,0
1972-07-01,1972,7,Navarra,17.4,-1.37,56.4,1.41,0
1972-08-01,1972,8,Navarra,16.7,-1.92,124.7,3.0,0
1972-09-01,1972,9,Navarra,13.5,-3.34,82.6,2.69,0
1972-10-01,1972,10,Navarra,12.0,-0.69,51.7,-0.15,0
1972-11-01,1972,11,Navarra,8.5,1.01,38.6,-1.73,0
1972-12-01,1972,12,Navarra,4.6,0.13,94.2,0.43,0
1973-01-01,1973,1,Navarra,3.8,-0.11,57.2,-0.35,0
1973-02-01,1973,2,Navarra,3.0,-1.91,96.2,1.92,0
1973-03-01,1973,3,Navarra,5.7,-1.11,36.1,-0.12,0
1973-04-01,1973,4,Navarra,7.9,-1.23,50.2,-0.01,0
1973-05-01,1973,5,Navarra,14.4,1.88,67.8,-1.28,0
1973-06-01,1973,6,Navarra,15.8,-0.18,105.0,1.29,0
1973-07-01,1973,7,Navarra,17.9,-0.9,27.1,0.4,0
1973-08-01,1973,8,Navarra,20.9,2.33,52.0,-1.27,5
1973-09-01,1973,9,Navarra,17.2,0.34,51.0,-0.31,0
1973-10-01,1973,10,Navarra,11.2,-1.49,29.8,-0.22,0
1973-11-01,1973,11,Navarra,6.9,-0.61,38.9,-0.75,0
1973-12-01,1973,12,Navarra,3.9,-0.57,60.9,0.02,0
1974-01-01,1974,1,Navarra,5.6,1.67,41.1,-1.82,0
1974-02-01,1974,2,Navarra,4.5,-0.43,82.1,0.68,0
1974-03-01,1974,3,Navarra,6.9,0.08,130.7,1.53,0
1974-04-01,1974,4,Navarra,8.4,-0.73,47.4,-0.38,0
1974-05-01,1974,5,Navarra,12.9,0.37,75.0,-0.19,0
1974-06-01,1974,6,Navarra,16.5,0.52,36.4,-0.84,0
1974-07-01,1974,7,Navarra,18.2,-0.54,34.9,0.38,2
1974-08-01,1974,8,Navarra,18.9,0.33,81.2,0.66,3
1974-09-01,1974,9,Navarra,15.1,-1.83,53.7,1.06,0
1974-10-01,1974,10,Navarra,7.9,-4.85,121.4,3.0,0
1974-11-01,1974,11,Navarra,7.3,-0.18,88.2,0.22,0
1974-12-01,1974,12,Navarra,5.6,1.09,25.5,-1.86,0
1975-01-01,1975,1,Navarra,5.2,1.32,64.0,-1.03,0
1975-02-01,1975,2,Navarra,6.1,1.13,62.4,-0.75,0
1975-03-01,1975,3,Navarra,5.2,-1.63,126.4,2.45,0
1975-04-01,1975,4,Navarra,8.8,-0.29,86.2,0.32,0
1975-05-01,1975,5,Navarra,11.2,-1.4,153.2,2.82,0
1975-06-01,1975,6,Navarra,15.5,-0.45,31.6,-0.38,0
1975-07-01,1975,7,Navarra,19.7,0.94,11.9,-1.08,3
1975-08-01,1975,8,Navarra,19.6,0.96,54.5,-0.39,4
1975-09-01,1975,9,Navarra,16.2,-0.72,65.9,0.7,0
1975-10-01,1975,10,Navarra,11.7,-0.96,39.1,-0.3,0
1975-11-01,1975,11,Navarra,6.7,-0.85,106.2,1.07,0
1975-12-01,1975,12,Navarra,3.0,-1.56,56.1,0.49,0
1976-01-01,1976,1,Navarra,2.9,-0.99,37.7,-0.31,0
1976-02-01,1976,2,Navarra,5.3,0.37,77.0,0.07,0
1976-03-01,1976,3,Navarra,6.9,0.09,62.7,-0.17,0
1976-04-01,1976,4,Navarra,8.2,-0.92,115.2,1.43,0
1976-05-01,1976,5,Navarra,12.7,0.15,50.0,-0.69,0
1976-06-01,1976,6,Navarra,18.3,2.34,27.8,-2.15,0
1976-07-01,1976,7,Navarra,18.7,-0.07,40.5,0.24,0
1976-08-01,1976,8,Navarra,18.7,0.13,86.7,0.92,0
1976-09-01,1976,9,Navarra,15.1,-1.78,61.6,1.22,0
1976-10-01,1976,10,Navarra,10.9,-1.77,111.6,2.0,0
1976-11-01,1976,11,Navarra,5.6,-1.88,73.3,0.87,0
1976-12-01,1976,12,Navarra,4.9,0.35,95.8,0.34,0
1977-01-01,1977,1,Navarra,3.7,-0.21,66.3,-0.06,0
1977-02-01,1977,2,Navarra,7.1,2.11,56.6,-1.48,0
1977-03-01,1977,3,Navarra,8.9,2.1,68.7,-1.23,0
1977-04-01,1977,4,Navarra,9.0,-0.18,65.9,-0.25,0
1977-05-01,1977,5,Navarra,10.9,-1.69,162.4,3.0,0
1977-06-01,1977,6,Navarra,14.0,-1.92,149.8,3.0,0
1977-07-01,1977,7,Navarra,16.1,-2.64,77.7,2.71,0
1977-08-01,1977,8,Navarra,16.3,-2.34,71.8,2.03,0
1977-09-01,1977,9,Navarra,15.8,-1.09,5.8,-0.58,0
1977-10-01,1977,10,Navarra,13.7,0.98,112.7,0.37,0
1977-11-01,1977,11,Navarra,7.2,-0.31,46.3,-0.75,0
1977-12-01,1977,12,Navarra,6.3,1.77,67.4,-1.22,0
1978-01-01,1978,1,Navarra,2.3,-1.65,129.7,2.39,0
1978-02-01,1978,2,Navarra,6.0,1.02,78.6,-0.28,0
1978-03-01,1978,3,Navarra,7.4,0.58,101.0,0.49,0
1978-04-01,1978,4,Navarra,7.8,-1.33,110.0,1.54,0
1978-05-01,1978,5,Navarra,11.3,-1.32,98.1,1.4,0
1978-06-01,1978,6,Navarra,14.1,-1.87,89.9,1.93,0
1978-07-01,1978,7,Navarra,17.7,-1.09,26.2,0.49,1
1978-08-01,1978,8,Navarra,18.5,-0.14,20.2,-0.58,0
1978-09-01,1978,9,Navarra,16.8,-0.1,17.2,-0.89,0
1978-10-01,1978,10,Navarra,11.9,-0.82,41.5,-0.33,0
1978-11-01,1978,11,Navarra,7.4,-0.08,37.3,-1.11,0
1978-12-01,1978,12,Navarra,5.9,1.35,64.2,-1.05,0
1979-01-01,1979,1,Navarra,4.9,0.98,162.2,1.63,0
1979-02-01,1979,2,Navarra,5.1,0.2,83.6,0.34,0
1979-03-01,1979,3,Navarra,6.8,-0.03,79.4,0.32,0
1979-04-01,1979,4,Navarra,7.6,-1.53,107.6,1.6,0
1979-05-01,1979,5,Navarra,12.3,-0.26,54.5,-0.33,0
1979-06-01,1979,6,Navarra,15.5,-0.44,61.4,0.36,0
1979-07-01,1979,7,Navarra,18.6,-0.19,26.5,-0.04,0
1979-08-01,1979,8,Navarra,17.3,-1.27,37.5,0.53,0
1979-09-01,1979,9,Navarra,16.7,-0.16,38.1,-0.34,0
1979-10-01,1979,10,Navarra,13.1,0.43,154.1,1.74,0
1979-11-01,1979,11,Navarra,6.4,-1.13,66.9,0.26,0
1979-12-01,1979,12,Navarra,5.1,0.62,67.1,-0.54,0
1980-01-01,1980,1,Navarra,3.7,-0.18,50.9,-0.46,0
1980-02-01,1980,2,Navarra,6.8,1.81,66.2,-1.06,0
1980-03-01,1980,3,Navarra,6.9,0.07,76.2,0.18,0
1980-04-01,1980,4,Navarra,7.8,-1.34,48.6,0.01,0
1980-05-01,1980,5,Navarra,10.9,-1.67,113.7,2.0,0
1980-06-01,1980,6,Navarra,13.8,-2.14,64.0,1.44,0
1980-07-01,1980,7,Navarra,16.5,-2.25,33.5,1.37,0
1980-08-01,1980,8,Navarra,19.6,0.94,33.2,-0.91,1
1980-09-01,1980,9,Navarra,18.3,1.4,55.7,-0.83,0
1980-10-01,1980,10,Navarra,11.7,-1.04,125.3,1.9,0
1980-11-01,1980,11,Navarra,6.3,-1.21,91.4,0.92,0
1980-12-01,1980,12,Navarra,2.2,-2.35,104.0,2.16,0
1981-01-01,1981,1,Navarra,4.0,0.06,60.8,-0.36,0
1981-02-01,1981,2,Navarra,3.7,-1.28,47.8,0.33,0
1981-03-01,1981,3,Navarra,9.5,2.69,61.5,-1.76,0
1981-04-01,1981,4,Navarra,9.9,0.78,53.9,-1.13,0
1981-05-01,1981,5,Navarra,12.3,-0.25,85.2,0.43,0
1981-06-01,1981,6,Navarra,16.4,0.39,19.9,-1.18,0
1981-07-01,1981,7,Navarra,17.3,-1.45,69.2,1.78,3
1981-08-01,1981,8,Navarra,19.0,0.37,36.8,-0.47,0
1981-09-01,1981,9,Navarra,17.4,0.48,82.5,0.39,0
1981-10-01,1981,10,Navarra,13.0,0.32,54.7,-0.68,0
1981-11-01,1981,11,Navarra,8.8,1.26,7.1,-2.67,0
1981-12-01,1981,12,Navarra,5.8,1.29,167.6,1.57,0
1982-01-01,1982,1,Navarra,6.6,2.69,64.4,-1.85,0
1982-02-01,1982,2,Navarra,5.6,0.67,75.5,-0.15,0
1982-03-01,1982,3,Navarra,6.5,-0.26,57.8,-0.09,0
1982-04-01,1982,4,Navarra,9.5,0.34,27.3,-1.53,0
1982-05-01,1982,5,Navarra,13.3,0.69,81.4,-0.23,0
1982-06-01,1982,6,Navarra,17.8,1.8,60.8,-1.0,0
1982-07-01,1982,7,Navarra,20.0,1.22,81.9,0.5,6
1982-08-01,1982,8,Navarra,17.4,-1.17,59.3,1.01,0
1982-09-01,1982,9,Navarra,17.4,0.55,34.3,-0.86,0
1982-10-01,1982,10,Navarra,11.7,-1.04,106.1,1.42,0
1982-11-01,1982,11,Navarra,8.1,0.62,87.8,-0.27,0
1982-12-01,1982,12,Navarra,4.6,0.06,123.9,1.21,0
1983-01-01,1983,1,Navarra,4.6,0.65,5.6,-2.09,0
1983-02-01,1983,2,Navarra,2.6,-2.29,57.1,1.17,0
1983-03-01,1983,3,Navarra,7.6,0.81,72.9,-0.35,0
1983-04-01,1983,4,Navarra,9.3,0.22,98.5,0.33,0
1983-05-01,1983,5,Navarra,11.7,-0.84,55.5,0.05,0
1983-06-01,1983,6,Navarra,17.1,1.09,84.1,0.01,0
1983-07-01,1983,7,Navarra,21.1,2.3,121.7,0.85,2
1983-08-01,1983,8,Navarra,18.1,-0.49,106.8,1.79,0
1983-09-01,1983,9,Navarra,17.9,0.99,23.4,-1.39,0
1983-10-01,1983,10,Navarra,13.3,0.62,18.5,-1.76,0
1983-11-01,1983,11,Navarra,10.6,3.12,84.9,-1.84,0
1983-12-01,1983,12,Navarra,4.8,0.28,62.2,-0.46,0
1984-01-01,1984,1,Navarra,4.4,0.53,102.8,0.41,0
1984-02-01,1984,2,Navarra,3.4,-1.58,60.7,0.83,0
1984-03-01,1984,3,Navarra,5.0,-1.8,63.6,0.98,0
1984-04-01,1984,4,Navarra,10.8,1.71,52.1,-1.73,0
1984-05-01,1984,5,Navarra,9.2,-3.37,136.2,3.0,0
1984-06-01,1984,6,Navarra,15.6,-0.33,59.7,0.25,0
1984-07-01,1984,7,Navarra,20.0,1.2,25.9,-0.89,6
1984-08-01,1984,8,Navarra,17.6,-0.97,41.9,0.46,0
1984-09-01,1984,9,Navarra,15.1,-1.76,42.0,0.72,2
1984-10-01,1984,10,Navarra,12.0,-0.72,76.7,0.49,0
1984-11-01,1984,11,Navarra,9.0,1.48,153.0,0.84,0
1984-12-01,1984,12,Navarra,4.6,0.04,54.9,-0.5,0
1985-01-01,1985,1,Navarra,-0.3,-4.22,64.4,2.3,0
1985-02-01,1985,2,Navarra,7.0,2.08,56.3,-1.47,0
1985-03-01,1985,3,Navarra,5.2,-1.62,93.9,1.63,0
1985-04-01,1985,4,Navarra,10.4,1.31,61.5,-1.25,0
1985-05-01,1985,5,Navarra,11.3,-1.32,109.2,1.68,0
1985-06-01,1985,6,Navarra,16.3,0.36,42.2,-0.6,0
1985-07-01,1985,7,Navarra,20.5,1.76,32.9,-1.05,3
1985-08-01,1985,8,Navarra,18.5,-0.08,17.1,-0.7,1
1985-09-01,1985,9,Navarra,19.1,2.26,0.4,-2.73,0
1985-10-01,1985,10,Navarra,15.0,2.28,19.3,-2.74,0
1985-11-01,1985,11,Navarra,5.4,-2.07,84.2,1.25,0
1985-12-01,1985,12,Navarra,5.0,0.44,37.0,-1.19,0
1986-01-01,1986,1,Navarra,4.5,0.57,98.9,0.29,0
1986-02-01,1986,2,Navarra,2.7,-2.2,82.0,1.74,0
1986-03-01,1986,3,Navarra,7.0,0.24,52.9,-0.51,0
1986-04-01,1986,4,Navarra,5.8,-3.33,112.5,2.81,0
1986-05-01,1986,5,Navarra,14.3,1.73,62.5,-1.32,0
1986-06-01,1986,6,Navarra,16.3,0.34,47.2,-0.47,1
1986-07-01,1986,7,Navarra,18.4,-0.31,9.6,-0.39,2
1986-08-01,1986,8,Navarra,18.6,0.03,30.0,-0.44,2
1986-09-01,1986,9,Navarra,17.6,0.69,61.6,-0.26,0
1986-10-01,1986,10,Navarra,14.1,1.4,39.3,-1.71,0
1986-11-01,1986,11,Navarra,7.9,0.36,89.6,-0.07,0
1986-12-01,1986,12,Navarra,5.1,0.59,62.8,-0.63,0
1987-01-01,1987,1,Navarra,1.6,-2.32,77.3,1.48,0
1987-02-01,1987,2,Navarra,4.9,-0.05,80.6,0.41,0
1987-03-01,1987,3,Navarra,7.1,0.29,63.2,-0.28,0
1987-04-01,1987,4,Navarra,11.7,2.55,58.0,-2.08,0
1987-05-01,1987,5,Navarra,11.6,-0.92,43.0,-0.22,0
1987-06-01,1987,6,Navarra,15.6,-0.37,64.9,0.4,0
1987-07-01,1987,7,Navarra,18.3,-0.44,70.0,1.2,0
1987-08-01,1987,8,Navarra,20.1,1.49,52.0,-0.77,6
1987-09-01,1987,9,Navarra,20.1,3.2,26.2,-2.65,4
1987-10-01,1987,10,Navarra,13.2,0.49,177.7,2.29,0
1987-11-01,1987,11,Navarra,7.6,0.08,70.4,-0.38,0
1987-12-01,1987,12,Navarra,6.6,2.06,50.6,-1.82,0
1988-01-01,1988,1,Navarra,6.7,2.77,117.3,-0.57,0
1988-02-01,1988,2,Navarra,4.8,-0.19,60.9,0.0,0
1988-03-01,1988,3,Navarra,6.6,-0.23,45.1,-0.42,0
1988-04-01,1988,4,Navarra,10.5,1.36,125.5,0.32,0
1988-05-01,1988,5,Navarra,13.3,0.73,72.5,-0.47,0
1988-06-01,1988,6,Navarra,15.6,-0.34,92.9,1.08,0
1988-07-01,1988,7,Navarra,18.1,-0.67,41.8,0.63,0
1988-08-01,1988,8,Navarra,19.3,0.66,28.1,-0.87,2
1988-09-01,1988,9,Navarra,16.9,0.05,17.3,-0.98,2
1988-10-01,1988,10,Navarra,14.1,1.4,47.1,-1.52,0
1988-11-01,1988,11,Navarra,8.4,0.91,22.5,-2.08,0
1988-12-01,1988,12,Navarra,4.3,-0.22,21.4,-1.18,0
1989-01-01,1989,1,Navarra,3.7,-0.19,17.3,-1.3,0
1989-02-01,1989,2,Navarra,6.2,1.3,82.2,-0.36,0
1989-03-01,1989,3,Navarra,9.3,2.53,43.5,-2.12,0
1989-04-01,1989,4,Navarra,7.9,-1.22,164.5,2.84,0
1989-05-01,1989,5,Navarra,15.5,2.92,33.9,-2.75,0
1989-06-01,1989,6,Navarra,17.3,1.32,15.7,-1.84,0
1989-07-01,1989,7,Navarra,20.5,1.72,17.5,-1.41,4
1989-08-01,1989,8,Navarra,19.9,1.24,52.1,-0.61,0
1989-09-01,1989,9,Navarra,16.5,-0.39,55.6,0.24,0
1989-10-01,1989,10,Navarra,13.5,0.81,19.9,-1.84,0
1989-11-01,1989,11,Navarra,10.1,2.58,64.0,-2.04,0
1989-12-01,1989,12,Navarra,8.3,3.83,29.8,-3.0,0
1990-01-01,1990,1,Navarra,5.0,1.11,56.8,-1.09,0
1990-02-01,1990,2,Navarra,9.3,4.32,32.1,-3.0,0
1990-03-01,1990,3,Navarra,8.8,2.02,13.5,-2.56,0
1990-04-01,1990,4,Navarra,8.8,-0.34,107.3,0.88,0
1990-05-01,1990,5,Navarra,15.4,2.86,54.3,-2.2,0
1990-06-01,1990,6,Navarra,16.4,0.42,90.1,0.56,0
1990-07-01,1990,7,Navarra,19.9,1.12,22.0,-0.94,4
1990-08-01,1990,8,Navarra,20.8,2.16,47.2,-1.29,2
1990-09-01,1990,9,Navarra,17.8,0.96,75.8,-0.06,0
1990-10-01,1990,10,Navarra,13.5,0.79,63.7,-0.74,0
1990-11-01,1990,11,Navarra,7.4,-0.09,54.4,-0.68,0
1990-12-01,1990,12,Navarra,2.1,-2.43,73.5,1.45,0
1991-01-01,1991,1,Navarra,3.6,-0.33,36.6,-0.73,0
1991-02-01,1991,2,Navarra,4.0,-0.91,43.9,0.01,0
1991-03-01,1991,3,Navarra,8.8,2.04,67.0,-1.24,0
1991-04-01,1991,4,Navarra,7.9,-1.22,110.6,1.49,0
1991-05-01,1991,5,Navarra,11.1,-1.43,71.2,0.79,0
1991-06-01,1991,6,Navarra,15.5,-0.5,17.5,-0.71,0
1991-07-01,1991,7,Navarra,19.7,0.92,20.0,-0.87,4
1991-08-01,1991,8,Navarra,22.4,3.77,33.0,-2.61,11
1991-09-01,1991,9,Navarra,18.5,1.59,70.6,-0.57,0
1991-10-01,1991,10,Navarra,10.3,-2.41,80.8,1.61,0
1991-11-01,1991,11,Navarra,7.0,-0.48,112.9,1.02,0
1991-12-01,1991,12,Navarra,4.8,0.3,16.2,-1.62,0
1992-01-01,1992,1,Navarra,2.3,-1.59,12.2,-0.58,0
1992-02-01,1992,2,Navarra,4.8,-0.14,14.8,-1.18,0
1992-03-01,1992,3,Navarra,6.8,-0.03,62.9,-0.1,0
1992-04-01,1992,4,Navarra,9.7,0.57,64.0,-0.75,0
1992-05-01,1992,5,Navarra,15.0,2.4,53.4,-1.95,0
1992-06-01,1992,6,Navarra,13.9,-2.04,121.2,2.81,0
1992-07-01,1992,7,Navarra,19.4,0.65,24.9,-0.58,4
1992-08-01,1992,8,Navarra,20.8,2.19,77.4,-0.55,3
1992-09-01,1992,9,Navarra,15.8,-1.06,71.1,1.03,0
1992-10-01,1992,10,Navarra,10.5,-2.18,183.5,3.0,0
1992-11-01,1992,11,Navarra,9.9,2.33,32.4,-2.68,0
1992-12-01,1992,12,Navarra,5.9,1.41,84.8,-0.57,0
1993-01-01,1993,1,Navarra,4.6,0.68,1.3,-2.22,0
1993-02-01,1993,2,Navarra,4.2,-0.72,21.1,-0.67,0
1993-03-01,1993,3,Navarra,7.5,0.68,41.0,-1.07,0
1993-04-01,1993,4,Navarra,9.8,0.63,89.5,-0.15,0
1993-05-01,1993,5,Navarra,13.7,1.08,96.0,-0.09,0
1993-06-01,1993,6,Navarra,17.4,1.47,55.4,-0.94,0
1993-07-01,1993,7,Navarra,17.6,-1.13,19.0,0.34,2
1993-08-01,1993,8,Navarra,19.7,1.13,74.0,-0.0,3
1993-09-01,1993,9,Navarra,15.3,-1.6,114.5,2.44,0
1993-10-01,1993,10,Navarra,10.4,-2.31,83.1,1.61,0
1993-11-01,1993,11,Navarra,6.7,-0.87,43.1,-0.49,0
1993-12-01,1993,12,Navarra,6.4,1.89,107.2,-0.3,0
1994-01-01,1994,1,Navarra,4.5,0.54,46.1,-1.01,0
1994-02-01,1994,2,Navarra,6.0,1.09,45.0,-1.16,0
1994-03-01,1994,3,Navarra,9.9,3.12,14.1,-3.0,0
1994-04-01,1994,4,Navarra,7.9,-1.21,115.4,1.61,0
1994-05-01,1994,5,Navarra,14.4,1.88,66.3,-1.32,0
1994-06-01,1994,6,Navarra,16.9,0.97,44.9,-0.9,1
1994-07-01,1994,7,Navarra,21.3,2.56,2.5,-2.29,5
1994-08-01,1994,8,Navarra,21.4,2.82,12.3,-2.56,5
1994-09-01,1994,9,Navarra,15.4,-1.48,43.8,0.6,0
1994-10-01,1994,10,Navarra,13.0,0.3,109.1,0.69,0
1994-11-01,1994,11,Navarra,10.3,2.73,81.5,-1.69,0
1994-12-01,1994,12,Navarra,6.2,1.7,62.2,-1.31,0
1995-01-01,1995,1,Navarra,4.6,0.67,88.3,-0.04,0
1995-02-01,1995,2,Navarra,7.1,2.19,61.7,-1.4,0
1995-03-01,1995,3,Navarra,6.9,0.14,60.4,-0.26,0
1995-04-01,1995,4,Navarra,9.8,0.66,38.2,-1.45,0
1995-05-01,1995,5,Navarra,13.9,1.29,88.1,-0.42,0
1995-06-01,1995,6,Navarra,16.0,0.08,8.6,-1.28,0
1995-07-01,1995,7,Navarra,21.3,2.57,21.3,-1.83,5
1995-08-01,1995,8,Navarra,19.4,0.74,18.2,-1.16,1
1995-09-01,1995,9,Navarra,14.8,-2.05,36.8,0.77,0
1995-10-01,1995,10,Navarra,15.8,3.13,9.3,-3.0,0
1995-11-01,1995,11,Navarra,9.5,1.96,55.5,-1.88,0
1995-12-01,1995,12,Navarra,6.0,1.47,126.9,0.44,0
1996-01-01,1996,1,Navarra,6.8,2.92,68.2,-1.89,0
1996-02-01,1996,2,Navarra,3.4,-1.49,100.6,1.78,0
1996-03-01,1996,3,Navarra,7.2,0.45,44.0,-0.86,0
1996-04-01,1996,4,Navarra,10.1,0.99,65.0,-0.97,0
1996-05-01,1996,5,Navarra,13.2,0.64,50.5,-0.97,0
1996-06-01,1996,6,Navarra,17.8,1.87,30.2,-1.81,0
1996-07-01,1996,7,Navarra,19.0,0.2,54.7,0.43,2
1996-08-01,1996,8,Navarra,17.9,-0.75,87.8,1.47,0
1996-09-01,1996,9,Navarra,14.5,-2.42,63.6,1.66,0
1996-10-01,1996,10,Navarra,12.1,-0.61,37.2,-0.56,0
1996-11-01,1996,11,Navarra,8.1,0.53,116.9,0.51,0
1996-12-01,1996,12,Navarra,5.5,0.98,109.7,0.31,0
1997-01-01,1997,1,Navarra,4.7,0.8,145.9,1.33,0
1997-02-01,1997,2,Navarra,7.9,2.93,11.2,-3.0,0
1997-03-01,1997,3,Navarra,10.1,3.3,1.6,-3.0,0
1997-04-01,1997,4,Navarra,11.5,2.39,39.0,-2.46,0
1997-05-01,1997,5,Navarra,15.2,2.6,82.6,-1.34,0
1997-06-01,1997,6,Navarra,16.1,0.12,117.9,1.43,0
1997-07-01,1997,7,Navarra,17.4,-1.34,92.9,2.31,0
1997-08-01,1997,8,Navarra,20.8,2.18,100.8,0.04,0
1997-09-01,1997,9,Navarra,17.9,1.02,32.6,-1.18,0
1997-10-01,1997,10,Navarra,15.0,2.33,19.4,-2.77,0
1997-11-01,1997,11,Navarra,8.6,1.1,151.8,1.04,0
1997-12-01,1997,12,Navarra,5.7,1.16,108.8,0.18,0
1998-01-01,1998,1,Navarra,5.5,1.61,41.6,-1.77,0
1998-02-01,1998,2,Navarra,6.9,2.0,33.9,-1.98,0
1998-03-01,1998,3,Navarra,8.8,1.96,36.2,-1.96,0
1998-04-01,1998,4,Navarra,8.8,-0.35,101.2,0.74,0
1998-05-01,1998,5,Navarra,13.2,0.6,52.5,-0.89,0
1998-06-01,1998,6,Navarra,16.8,0.79,22.6,-1.35,0
1998-07-01,1998,7,Navarra,18.2,-0.52,30.0,0.24,2
1998-08-01,1998,8,Navarra,19.8,1.22,22.1,-1.35,5
1998-09-01,1998,9,Navarra,17.1,0.17,81.8,0.56,0
1998-10-01,1998,10,Navarra,11.5,-1.16,54.9,0.21,0
1998-11-01,1998,11,Navarra,6.7,-0.84,56.8,-0.17,0
1998-12-01,1998,12,Navarra,4.6,0.1,40.7,-0.89,0
1999-01-01,1999,1,Navarra,4.6,0.71,52.9,-0.95,0
1999-02-01,1999,2,Navarra,3.9,-1.02,63.2,0.56,0
1999-03-01,1999,3,Navarra,7.8,1.03,48.5,-1.09,0
1999-04-01,1999,4,Navarra,9.9,0.78,69.8,-0.73,0
1999-05-01,1999,5,Navarra,15.3,2.73,84.9,-1.36,0
1999-06-01,1999,6,Navarra,16.1,0.12,25.2,-0.88,0
1999-07-01,1999,7,Navarra,19.4,0.59,46.4,-0.01,2
1999-08-01,1999,8,Navarra,20.2,1.6,29.3,-1.4,2
1999-09-01,1999,9,Navarra,18.1,1.17,135.2,1.29,0
1999-10-01,1999,10,Navarra,13.1,0.45,66.1,-0.47,0
1999-11-01,1999,11,Navarra,5.5,-2.03,75.5,1.01,0
1999-12-01,1999,12,Navarra,4.3,-0.18,69.4,-0.0,0
2000-01-01,2000,1,Navarra,2.8,-1.07,14.3,-0.84,0
2000-02-01,2000,2,Navarra,7.6,2.7,21.4,-2.72,0
2000-03-01,2000,3,Navarra,7.6,0.8,49.7,-0.92,0
2000-04-01,2000,4,Navarra,9.7,0.61,120.3,0.64,0
2000-05-01,2000,5,Navarra,15.1,2.5,43.4,-2.26,0
2000-06-01,2000,6,Navarra,17.8,1.86,48.8,-1.34,0
2000-07-01,2000,7,Navarra,18.6,-0.13,42.3,0.32,4
2000-08-01,2000,8,Navarra,19.8,1.18,57.7,-0.44,2
2000-09-01,2000,9,Navarra,17.9,1.04,31.0,-1.23,0
2000-10-01,2000,10,Navarra,12.0,-0.73,167.3,2.77,0
2000-11-01,2000,11,Navarra,7.5,-0.01,126.2,1.07,0
2000-12-01,2000,12,Navarra,6.8,2.32,70.8,-1.47,0
2001-01-01,2001,1,Navarra,5.8,1.93,93.3,-0.67,0
2001-02-01,2001,2,Navarra,5.5,0.6,17.3,-1.56,0
2001-03-01,2001,3,Navarra,10.8,4.02,88.2,-1.89,0
2001-04-01,2001,4,Navarra,9.0,-0.17,81.7,0.14,0
2001-05-01,2001,5,Navarra,13.5,0.97,42.5,-1.37,0
2001-06-01,2001,6,Navarra,17.2,1.25,22.8,-1.62,2
2001-07-01,2001,7,Navarra,18.4,-0.32,67.2,1.05,2
2001-08-01,2001,8,Navarra,21.0,2.42,17.7,-2.18,5
2001-09-01,2001,9,Navarra,15.3,-1.58,26.0,0.21,0
2001-10-01,2001,10,Navarra,16.0,3.27,31.3,-3.0,0
2001-11-01,2001,11,Navarra,5.8,-1.7,38.2,-0.12,0
2001-12-01,2001,12,Navarra,2.7,-1.79,8.8,-0.55,0
2002-01-01,2002,1,Navarra,5.4,1.51,28.7,-2.03,0
2002-02-01,2002,2,Navarra,6.6,1.71,54.7,-1.29,0
2002-03-01,2002,3,Navarra,9.0,2.24,33.4,-2.2,0
2002-04-01,2002,4,Navarra,9.9,0.76,53.4,-1.13,0
2002-05-01,2002,5,Navarra,12.8,0.19,73.3,-0.13,0
2002-06-01,2002,6,Navarra,17.8,1.8,81.1,-0.5,2
2002-07-01,2002,7,Navarra,18.2,-0.59,19.2,0.02,2
2002-08-01,2002,8,Navarra,17.9,-0.69,69.2,0.97,1
2002-09-01,2002,9,Navarra,16.1,-0.78,44.4,0.19,0
2002-10-01,2002,10,Navarra,13.5,0.78,62.9,-0.75,0
2002-11-01,2002,11,Navarra,9.0,1.49,88.9,-0.76,0
2002-12-01,2002,12,Navarra,7.0,2.51,124.8,-0.23,0
2003-01-01,2003,1,Navarra,3.8,-0.14,105.3,0.87,0
2003-02-01,2003,2,Navarra,3.7,-1.24,82.9,1.18,0
2003-03-01,2003,3,Navarra,9.7,2.91,47.6,-2.24,0
2003-04-01,2003,4,Navarra,11.0,1.9,57.8,-1.7,0
2003-05-01,2003,5,Navarra,13.8,1.26,59.2,-1.12,0
2003-06-01,2003,6,Navarra,21.4,5.47,49.3,-3.0,4
2003-07-01,2003,7,Navarra,20.3,1.55,17.6,-1.31,4
2003-08-01,2003,8,Navarra,23.7,5.1,41.1,-3.0,12
2003-09-01,2003,9,Navarra,17.1,0.2,92.6,0.81,0
2003-10-01,2003,10,Navarra,11.9,-0.76,115.9,1.5,0
2003-11-01,2003,11,Navarra,9.2,1.67,78.6,-1.13,0
2003-12-01,2003,12,Navarra,5.6,1.09,66.5,-0.84,0
2004-01-01,2004,1,Navarra,5.4,1.47,80.2,-0.72,0
2004-02-01,2004,2,Navarra,4.7,-0.21,53.9,-0.16,0
2004-03-01,2004,3,Navarra,6.3,-0.54,66.6,0.3,0
2004-04-01,2004,4,Navarra,8.7,-0.43,96.1,0.66,0
2004-05-01,2004,5,Navarra,12.7,0.08,51.1,-0.62,0
2004-06-01,2004,6,Navarra,18.6,2.65,3.4,-2.95,0
2004-07-01,2004,7,Navarra,19.5,0.72,20.8,-0.73,2
2004-08-01,2004,8,Navarra,20.8,2.18,35.9,-1.58,2
2004-09-01,2004,9,Navarra,18.1,1.18,35.5,-1.2,0
2004-10-01,2004,10,Navarra,14.9,2.24,43.3,-2.12,0
2004-11-01,2004,11,Navarra,6.5,-1.0,40.1,-0.49,0
2004-12-01,2004,12,Navarra,5.3,0.8,59.7,-0.84,0
2005-01-01,2005,1,Navarra,3.4,-0.48,34.6,-0.69,0
2005-02-01,2005,2,Navarra,2.0,-2.93,56.9,1.55,0
2005-03-01,2005,3,Navarra,7.5,0.71,38.8,-1.14,0
2005-04-01,2005,4,Navarra,10.6,1.46,82.7,-0.81,0
2005-05-01,2005,5,Navarra,14.9,2.3,64.8,-1.61,0
2005-06-01,2005,6,Navarra,20.0,4.06,23.6,-3.0,5
2005-07-01,2005,7,Navarra,20.2,1.45,9.5,-1.45,4
2005-08-01,2005,8,Navarra,19.2,0.55,31.6,-0.71,0
2005-09-01,2005,9,Navarra,17.0,0.07,38.5,-0.46,1
2005-10-01,2005,10,Navarra,14.2,1.54,97.4,-0.34,0
2005-11-01,2005,11,Navarra,7.1,-0.4,91.2,0.43,0
2005-12-01,2005,12,Navarra,2.8,-1.69,64.1,0.77,0
2006-01-01,2006,1,Navarra,3.8,-0.15,44.0,-0.65,0
2006-02-01,2006,2,Navarra,3.5,-1.48,43.0,0.33,0
2006-03-01,2006,3,Navarra,9.1,2.27,97.9,-0.6,0
2006-04-01,2006,4,Navarra,10.9,1.77,44.8,-1.95,0
2006-05-01,2006,5,Navarra,15.1,2.54,31.6,-2.58,0
2006-06-01,2006,6,Navarra,19.2,3.23,55.7,-1.99,0
2006-07-01,2006,7,Navarra,22.3,3.58,22.8,-2.4,6
2006-08-01,2006,8,Navarra,17.7,-0.91,17.3,-0.19,0
2006-09-01,2006,9,Navarra,19.2,2.33,102.8,-0.21,3
2006-10-01,2006,10,Navarra,15.7,2.96,70.3,-1.87,0
2006-11-01,2006,11,Navarra,10.7,3.22,67.3,-2.34,0
2006-12-01,2006,12,Navarra,4.4,-0.14,44.2,-0.66,0
2007-01-01,2007,1,Navarra,4.8,0.92,30.7,-1.63,0
2007-02-01,2007,2,Navarra,7.3,2.32,92.2,-0.72,0
2007-03-01,2007,3,Navarra,7.0,0.21,138.3,1.64,0
2007-04-01,2007,4,Navarra,12.1,2.96,115.2,-0.9,0
2007-05-01,2007,5,Navarra,13.8,1.23,55.9,-1.19,0
2007-06-01,2007,6,Navarra,17.2,1.19,39.8,-1.16,0
2007-07-01,2007,7,Navarra,18.5,-0.3,10.4,-0.38,1
2007-08-01,2007,8,Navarra,18.6,-0.04,36.5,-0.24,6
2007-09-01,2007,9,Navarra,15.9,-1.0,16.5,-0.37,0
2007-10-01,2007,10,Navarra,12.3,-0.44,57.9,-0.14,0
2007-11-01,2007,11,Navarra,5.6,-1.88,12.9,-0.64,0
2007-12-01,2007,12,Navarra,4.6,0.09,33.9,-1.05,0
2008-01-01,2008,1,Navarra,5.8,1.85,41.2,-1.92,0
2008-02-01,2008,2,Navarra,7.2,2.29,16.3,-2.6,0
2008-03-01,2008,3,Navarra,7.1,0.32,137.4,1.56,0
2008-04-01,2008,4,Navarra,10.3,1.13,86.7,-0.52,0
2008-05-01,2008,5,Navarra,13.9,1.35,165.3,1.48,0
2008-06-01,2008,6,Navarra,16.2,0.27,61.5,-0.07,0
2008-07-01,2008,7,Navarra,18.5,-0.24,13.8,-0.33,2
2008-08-01,2008,8,Navarra,18.9,0.31,19.1,-0.88,3
2008-09-01,2008,9,Navarra,16.3,-0.54,13.8,-0.71,0
2008-10-01,2008,10,Navarra,12.0,-0.68,100.3,1.06,0
2008-11-01,2008,11,Navarra,6.4,-1.13,86.2,0.74,0
2008-12-01,2008,12,Navarra,4.4,-0.08,86.3,0.36,0
2009-01-01,2009,1,Navarra,3.6,-0.35,99.1,0.85,0
2009-02-01,2009,2,Navarra,4.6,-0.37,64.0,0.19,0
2009-03-01,2009,3,Navarra,7.3,0.5,44.8,-0.87,0
2009-04-01,2009,4,Navarra,9.0,-0.14,135.9,1.48,0
2009-05-01,2009,5,Navarra,15.0,2.39,66.7,-1.61,0
2009-06-01,2009,6,Navarra,18.4,2.4,26.8,-2.21,0
2009-07-01,2009,7,Navarra,20.1,1.38,3.8,-1.55,6
2009-08-01,2009,8,Navarra,21.1,2.48,15.7,-2.27,6
2009-09-01,2009,9,Navarra,17.2,0.3,51.4,-0.28,0
2009-10-01,2009,10,Navarra,14.0,1.31,59.8,-1.15,0
2009-11-01,2009,11,Navarra,9.7,2.22,107.2,-0.74,0
2009-12-01,2009,12,Navarra,4.7,0.16,91.5,0.34,0
2010-01-01,2010,1,Navarra,3.4,-0.51,95.8,0.86,0
2010-02-01,2010,2,Navarra,3.7,-1.25,60.0,0.62,0
2010-03-01,2010,3,Navarra,6.7,-0.14,36.0,-0.7,0
2010-04-01,2010,4,Navarra,11.0,1.88,41.3,-2.1,0
2010-05-01,2010,5,Navarra,11.9,-0.68,79.8,0.56,0
2010-06-01,2010,6,Navarra,16.1,0.09,58.1,-0.04,0
2010-07-01,2010,7,Navarra,20.0,1.26,17.2,-1.14,1
2010-08-01,2010,8,Navarra,19.2,0.55,48.3,-0.3,3
2010-09-01,2010,9,Navarra,16.4,-0.51,29.5,-0.34,0
2010-10-01,2010,10,Navarra,11.9,-0.77,93.2,0.94,0
2010-11-01,2010,11,Navarra,6.8,-0.75,79.2,0.34,0
2010-12-01,2010,12,Navarra,3.2,-1.33,57.8,0.4,0
2011-01-01,2011,1,Navarra,4.3,0.37,20.6,-1.55,0
2011-02-01,2011,2,Navarra,6.0,1.06,75.1,-0.39,0
2011-03-01,2011,3,Navarra,7.7,0.94,65.3,-0.62,0
2011-04-01,2011,4,Navarra,13.0,3.82,24.3,-3.0,0
2011-05-01,2011,5,Navarra,15.8,3.2,49.8,-2.52,0
2011-06-01,2011,6,Navarra,16.5,0.57,33.0,-0.96,2
2011-07-01,2011,7,Navarra,17.4,-1.4,19.7,0.52,1
2011-08-01,2011,8,Navarra,21.7,3.05,13.0,-2.68,6
2011-09-01,2011,9,Navarra,19.6,2.68,20.0,-2.49,1
2011-10-01,2011,10,Navarra,14.3,1.63,17.3,-2.4,0
2011-11-01,2011,11,Navarra,10.6,3.12,106.6,-1.3,0
2011-12-01,2011,12,Navarra,6.3,1.74,37.0,-1.97,0
2012-01-01,2012,1,Navarra,5.1,1.2,21.4,-2.03,0
2012-02-01,2012,2,Navarra,1.5,-3.43,26.7,1.09,0
2012-03-01,2012,3,Navarra,9.1,2.25,19.2,-2.56,0
2012-04-01,2012,4,Navarra,8.6,-0.5,170.9,2.57,0
2012-05-01,2012,5,Navarra,14.4,1.81,54.5,-1.57,0
2012-06-01,2012,6,Navarra,18.3,2.32,37.6,-1.89,1
2012-07-01,2012,7,Navarra,18.3,-0.42,13.4,-0.23,3
2012-08-01,2012,8,Navarra,22.0,3.44,22.2,-2.68,10
2012-09-01,2012,9,Navarra,17.9,1.05,25.4,-1.38,0
2012-10-01,2012,10,Navarra,13.8,1.05,144.3,1.12,0
2012-11-01,2012,11,Navarra,8.2,0.73,67.5,-0.84,0
2012-12-01,2012,12,Navarra,5.8,1.33,42.6,-1.58,0
2013-01-01,2013,1,Navarra,4.8,0.85,190.0,2.4,0
2013-02-01,2013,2,Navarra,3.9,-1.01,150.1,2.73,0
2013-03-01,2013,3,Navarra,7.6,0.76,128.7,1.07,0
2013-04-01,2013,4,Navarra,9.7,0.54,65.8,-0.68,0
2013-05-01,2013,5,Navarra,10.1,-2.51,124.2,2.76,0
2013-06-01,2013,6,Navarra,14.7,-1.22,125.1,2.42,0
2013-07-01,2013,7,Navarra,21.8,3.05,17.6,-2.21,2
2013-08-01,2013,8,Navarra,19.5,0.9,13.8,-1.37,2
2013-09-01,2013,9,Navarra,17.6,0.69,29.7,-1.06,0
2013-10-01,2013,10,Navarra,14.7,1.97,88.4,-0.83,0
2013-11-01,2013,11,Navarra,7.1,-0.46,103.2,0.76,0
2013-12-01,2013,12,Navarra,4.5,-0.01,36.7,-0.92,0
2014-01-01,2014,1,Navarra,6.3,2.35,90.4,-0.99,0
2014-02-01,2014,2,Navarra,5.4,0.44,79.6,0.09,0
2014-03-01,2014,3,Navarra,8.2,1.35,97.0,-0.07,0
2014-04-01,2014,4,Navarra,11.8,2.72,59.9,-2.14,0
2014-05-01,2014,5,Navarra,12.3,-0.23,108.2,1.0,0
2014-06-01,2014,6,Navarra,17.7,1.72,30.5,-1.71,0
2014-07-01,2014,7,Navarra,18.5,-0.25,29.8,0.08,3
2014-08-01,2014,8,Navarra,18.3,-0.3,38.5,-0.03,0
2014-09-01,2014,9,Navarra,19.1,2.19,34.1,-1.85,0
2014-10-01,2014,10,Navarra,16.2,3.47,27.3,-3.0,0
2014-11-01,2014,11,Navarra,10.1,2.59,105.1,-1.02,0
2014-12-01,2014,12,Navarra,5.3,0.79,72.2,-0.52,0
2015-01-01,2015,1,Navarra,4.0,0.12,80.5,0.1,0
2015-02-01,2015,2,Navarra,3.1,-1.82,138.0,2.91,0
2015-03-01,2015,3,Navarra,7.6,0.8,70.8,-0.4,0
2015-04-01,2015,4,Navarra,11.6,2.43,41.1,-2.44,0
2015-05-01,2015,5,Navarra,14.4,1.83,19.9,-2.45,0
2015-06-01,2015,6,Navarra,18.5,2.52,59.7,-1.46,1
2015-07-01,2015,7,Navarra,21.6,2.84,40.9,-1.5,8
2015-08-01,2015,8,Navarra,20.3,1.71,113.3,0.63,3
2015-09-01,2015,9,Navarra,15.4,-1.52,61.4,1.06,0
2015-10-01,2015,10,Navarra,12.8,0.14,80.3,0.07,0
2015-11-01,2015,11,Navarra,10.2,2.73,74.5,-1.87,0
2015-12-01,2015,12,Navarra,7.2,2.71,2.0,-3.0,0
2016-01-01,2016,1,Navarra,6.5,2.56,106.5,-0.72,0
2016-02-01,2016,2,Navarra,5.7,0.81,141.7,1.42,0
2016-03-01,2016,3,Navarra,6.3,-0.55,113.7,1.49,0
2016-04-01,2016,4,Navarra,9.4,0.25,56.6,-0.74,0
2016-05-01,2016,5,Navarra,13.4,0.79,62.8,-0.75,0
2016-06-01,2016,6,Navarra,17.0,1.05,31.3,-1.29,0
2016-07-01,2016,7,Navarra,20.0,1.23,8.0,-1.36,3
2016-08-01,2016,8,Navarra,21.0,2.4,6.9,-2.44,8
2016-09-01,2016,9,Navarra,18.8,1.89,61.8,-0.97,3
2016-10-01,2016,10,Navarra,13.7,1.04,44.1,-1.38,0
2016-11-01,2016,11,Navarra,8.1,0.6,118.3,0.51,0
2016-12-01,2016,12,Navarra,6.2,1.64,7.8,-2.64,0
2017-01-01,2017,1,Navarra,2.7,-1.23,158.7,2.86,0
2017-02-01,2017,2,Navarra,6.9,1.95,72.7,-0.98,0
2017-03-01,2017,3,Navarra,8.8,1.95,97.2,-0.43,0
2017-04-01,2017,4,Navarra,10.4,1.23,28.9,-2.02,0
2017-05-01,2017,5,Navarra,15.3,2.78,59.4,-2.03,0
2017-06-01,2017,6,Navarra,19.1,3.11,73.4,-1.47,3
2017-07-01,2017,7,Navarra,19.4,0.61,28.0,-0.48,3
2017-08-01,2017,8,Navarra,19.5,0.93,46.9,-0.56,5
2017-09-01,2017,9,Navarra,14.7,-2.14,39.7,0.89,0
2017-10-01,2017,10,Navarra,14.1,1.4,23.5,-2.11,0
2017-11-01,2017,11,Navarra,7.1,-0.45,60.5,-0.31,0
2017-12-01,2017,12,Navarra,4.2,-0.33,120.3,1.36,0
2018-01-01,2018,1,Navarra,5.7,1.81,146.5,0.73,0
2018-02-01,2018,2,Navarra,2.9,-2.06,112.4,2.41,0
2018-03-01,2018,3,Navarra,6.3,-0.54,88.7,0.85,0
2018-04-01,2018,4,Navarra,10.6,1.5,167.1,1.27,0
2018-05-01,2018,5,Navarra,12.5,-0.1,73.6,0.05,0
2018-06-01,2018,6,Navarra,16.9,0.9,81.7,0.06,0
2018-07-01,2018,7,Navarra,20.6,1.83,23.9,-1.32,0
2018-08-01,2018,8,Navarra,20.4,1.75,45.7,-1.08,4
2018-09-01,2018,9,Navarra,18.5,1.63,29.6,-1.62,0
2018-10-01,2018,10,Navarra,12.7,0.03,62.8,-0.3,0
2018-11-01,2018,11,Navarra,8.5,0.99,96.3,-0.28,0
2018-12-01,2018,12,Navarra,6.7,2.22,41.3,-2.15,0
2019-01-01,2019,1,Navarra,3.5,-0.45,179.4,2.91,0
2019-02-01,2019,2,Navarra,6.4,1.48,45.9,-1.37,0
2019-03-01,2019,3,Navarra,7.9,1.08,26.8,-1.67,0
2019-04-01,2019,4,Navarra,9.8,0.66,73.1,-0.57,0
2019-05-01,2019,5,Navarra,11.7,-0.83,82.5,0.71,0
2019-06-01,2019,6,Navarra,18.1,2.17,40.9,-1.72,6
2019-07-01,2019,7,Navarra,21.1,2.34,28.6,-1.51,8
2019-08-01,2019,8,Navarra,20.7,2.07,37.0,-1.49,5
2019-09-01,2019,9,Navarra,17.6,0.67,16.6,-1.37,0
2019-10-01,2019,10,Navarra,14.2,1.49,93.1,-0.42,0
2019-11-01,2019,11,Navarra,7.6,0.1,177.2,2.28,0
2019-12-01,2019,12,Navarra,7.0,2.44,105.5,-0.67,0
2020-01-01,2020,1,Navarra,4.9,0.95,53.8,-1.07,0
2020-02-01,2020,2,Navarra,8.1,3.11,19.6,-3.0,0
2020-03-01,2020,3,Navarra,7.8,0.96,140.1,1.24,0
2020-04-01,2020,4,Navarra,12.1,3.0,74.7,-1.94,0
2020-05-01,2020,5,Navarra,15.8,3.27,80.4,-1.8,0
2020-06-01,2020,6,Navarra,16.2,0.28,40.2,-0.61,0
2020-07-01,2020,7,Navarra,20.2,1.4,5.6,-1.52,5
2020-08-01,2020,8,Navarra,21.1,2.45,14.6,-2.28,8
2020-09-01,2020,9,Navarra,17.6,0.74,56.3,-0.42,0
2020-10-01,2020,10,Navarra,11.2,-1.52,112.3,1.86,0
2020-11-01,2020,11,Navarra,9.1,1.59,24.7,-2.43,0
2020-12-01,2020,12,Navarra,5.5,1.02,152.3,1.35,0
2021-01-01,2021,1,Navarra,4.1,0.18,74.4,-0.09,0
2021-02-01,2021,2,Navarra,8.6,3.68,83.6,-1.75,0
2021-03-01,2021,3,Navarra,7.9,1.07,18.9,-1.86,0
2021-04-01,2021,4,Navarra,9.5,0.38,39.7,-1.24,0
2021-05-01,2021,5,Navarra,12.9,0.32,35.6,-1.15,0
2021-06-01,2021,6,Navarra,17.7,1.77,92.6,-0.19,0
2021-07-01,2021,7,Navarra,19.4,0.59,9.2,-0.94,6
2021-08-01,2021,8,Navarra,19.5,0.86,9.9,-1.44,4
2021-09-01,2021,9,Navarra,17.9,0.99,59.0,-0.5,0
2021-10-01,2021,10,Navarra,12.7,-0.02,43.6,-0.75,0
2021-11-01,2021,11,Navarra,6.7,-0.79,136.9,1.8,0
2021-12-01,2021,12,Navarra,5.7,1.15,194.3,2.32,0
2022-01-01,2022,1,Navarra,3.6,-0.29,85.5,0.47,0
2022-02-01,2022,2,Navarra,6.7,1.75,18.6,-2.22,0
2022-03-01,2022,3,Navarra,8.2,1.44,71.0,-0.78,0
2022-04-01,2022,4,Navarra,9.5,0.41,60.7,-0.73,0
2022-05-01,2022,5,Navarra,16.4,3.84,9.4,-3.0,1
2022-06-01,2022,6,Navarra,20.1,4.18,36.0,-3.0,6
2022-07-01,2022,7,Navarra,21.8,3.06,8.9,-2.43,11
2022-08-01,2022,8,Navarra,22.6,4.03,17.0,-3.0,11
2022-09-01,2022,9,Navarra,17.7,0.78,55.3,-0.47,2
2022-10-01,2022,10,Navarra,17.5,4.79,21.3,-3.0,0
2022-11-01,2022,11,Navarra,9.6,2.05,122.6,-0.26,0
2022-12-01,2022,12,Navarra,7.3,2.81,71.0,-1.76,0
2023-01-01,2023,1,Navarra,4.0,0.08,106.0,0.76,0
2023-02-01,2023,2,Navarra,4.1,-0.83,27.1,-0.46,0
2023-03-01,2023,3,Navarra,9.6,2.75,28.6,-2.62,0
2023-04-01,2023,4,Navarra,11.8,2.67,52.1,-2.3,0
2023-05-01,2023,5,Navarra,14.2,1.6,36.4,-1.9,0
2023-06-01,2023,6,Navarra,19.0,3.06,98.9,-0.81,1
2023-07-01,2023,7,Navarra,20.2,1.49,9.6,-1.47,4
2023-08-01,2023,8,Navarra,21.4,2.75,19.7,-2.33,11
2023-09-01,2023,9,Navarra,19.2,2.36,84.9,-0.68,0
2023-10-01,2023,10,Navarra,16.3,3.56,111.3,-1.21,0
2023-11-01,2023,11,Navarra,9.8,2.23,103.4,-0.85,0
2023-12-01,2023,12,Navarra,6.1,1.6,68.3,-1.1,0
2024-01-01,2024,1,Navarra,5.4,1.52,40.3,-1.75,0
2024-02-01,2024,2,Navarra,7.6,2.64,153.2,0.61,0
2024-03-01,2024,3,Navarra,8.8,2.03,108.4,-0.2,0
2024-04-01,2024,4,Navarra,10.4,1.3,37.9,-1.84,0
2024-05-01,2024,5,Navarra,12.6,0.07,80.4,0.12,0
2024-06-01,2024,6,Navarra,17.2,1.2,73.1,-0.34,1
2024-07-01,2024,7,Navarra,21.1,2.33,3.3,-2.13,10
2024-08-01,2024,8,Navarra,20.9,2.25,78.0,-0.57,4
2024-09-01,2024,9,Navarra,14.8,-2.08,127.3,3.0,0
2024-10-01,2024,10,Navarra,13.7,0.95,183.5,2.16,0
2024-11-01,2024,11,Navarra,9.9,2.36,34.0,-2.66,0
2024-12-01,2024,12,Navarra,5.7,1.14,111.2,0.25,0
